email,first_mau_ts,first_login_ts
161710471@ei.aeskills.in,1791028514172,1791028514000
161710605@ei.aeskills.in,1791003138093,1791002796894
161710607@ei.aeskills.in,1791005962685,1791005875534
161710612@ei.aeskills.in,1791004353548,1791004303212
161710618@ei.aeskills.in,1791010954914,1791010913612
161710619@ei.aeskills.in,1791011582259,1791011534375
161710620@ei.aeskills.in,1791008633288,1791008581499
161710623@ei.aeskills.in,1791011367297,1791011327886
161710624@ei.aeskills.in,1791006779681,1791006724536
161710756@ei.aeskills.in,1791039529297,1791039423994
aabinav.songara@ei.aeskills.in,1791026518643,1791026464000
aadamya.lodha@ei.aeskills.in,1791005716507,1791005705118
aadil.khan4@ei.aeskills.in,1791024682890,1791024649113
aakash.banjara2@ei.aeskills.in,1791007935214,1791007863798
aakash.banjara@ei.aeskills.in,1791005439578,1791005397562
aakash.ruhela@ei.aeskills.in,1791003327202,1791003274622
aaliya.bairwa@ei.aeskills.in,1791008938525,1791008934682
aaliya.k48@ei.aeskills.in,1791025957635,1791025923659
aaliya.khan14@ei.aeskills.in,1791004346572,1791004314238
aamina.k2@ei.aeskills.in,1791012086897,1791012081910
aanandi.kumari6@ei.aeskills.in,1791041513250,1791041406566
aanandi.nagar@ei.aeskills.in,1791038809806,1791038721000
aanchal.a@ei.aeskills.in,,1791043337968
aaradhya.kumari10@ei.aeskills.in,1791041663074,1791041619963
aarju.k30@ei.aeskills.in,1790995068463,1790995011000
aarpit.lodha@ei.aeskills.in,1791006929467,1791006926168
aarti.bheel2@ei.aeskills.in,1791041787221,1791041761507
aarti.gurjar17@ei.aeskills.in,1791009757092,1791009752156
aarti.k118@ei.aeskills.in,1791028413530,1791028354270
aarti.k123@ei.aeskills.in,1791012442190,1791012403161
aarti.k210@ei.aeskills.in,1791018166624,1791018129000
aarti.lodha5@ei.aeskills.in,1791007191475,1791007121903
aarti.meena3@ei.aeskills.in,1791019409803,1791019379295
aarti.regar3@ei.aeskills.in,1790999758662,1790999756146
aarush30@ei.aeskills.in,1791004619389,1791004546067
aaryan.k25@ei.aeskills.in,1791004201747,1791004147223
aasha.kumari28@ei.aeskills.in,1791013782997,1791013652724
aasha.lodha2@ei.aeskills.in,1791006410417,1791006406530
aashik.bheel@ei.aeskills.in,1791005956254,1791005900370
aashik.kumar12@ei.aeskills.in,1791041939125,1791041885890
aasif.khan4@ei.aeskills.in,1791024507742,1791024454649
aasta71@ei.aeskills.in,1791009229781,1791009172701
aasth.berva@ei.aeskills.in,1791004576882,1791004524778
aastha.meena5@ei.aeskills.in,1791006436626,1791006367825
aaushi.meena2@ei.aeskills.in,1791007217861,1791007200950
aayas.khan1@ei.aeskills.in,1791015040761,1791015009492
aayush.k61@ei.aeskills.in,1791001670209,1791001667324
aayush.kumar163@ei.aeskills.in,1791042103534,1791042029634
aayush.sen3@ei.aeskills.in,1791005617835,1791005517711
abhi.nandan1@ei.aeskills.in,1791034832905,1791034791551
abhi.sayamala@ei.aeskills.in,1791012016897,1791011913455
abhi.varsa@ei.aeskills.in,1791008896244,1791008782000
abhilasha.k7@ei.aeskills.in,1791005954109,1791005947471
abhinay.poshetti@ei.aeskills.in,1791026188471,1791026109683
abhinaya.kondulwad@ei.aeskills.in,1791022806250,1791022725520
abhiram.jadav@ei.aeskills.in,1791039744667,1791038136000
abhiram.nupa@ei.aeskills.in,1791008257390,1791008121678
abhishek.k210@ei.aeskills.in,1791018188464,1791018072000
abhishek.kumar362@ei.aeskills.in,1791042290871,1791042265330
abhishek.kumar369@ei.aeskills.in,1791026999811,1791026943000
abhishek.megwal@ei.aeskills.in,1791000857737,1791000804835
abhishek.parvatham@ei.aeskills.in,1791041620074,1791041523542
abhishek.sodi@ei.aeskills.in,1791009509244,1791009362983
achamgari@ei.aeskills.in,1791021811700,1791020905010
addu.ku@ei.aeskills.in,1791017762207,1791017565793
ade.sravanthi@ei.aeskills.in,1791022330746,1791022238000
adithyakumar.ramavath@ei.aeskills.in,1791038755543,1791038736000
afasara.bee@ei.aeskills.in,1791032572028,1791032526298
afsansa.k1@ei.aeskills.in,1791010383796,1791010349751
afsansa.k@ei.aeskills.in,1791014679790,1791014623000
afsar.ali1@ei.aeskills.in,1791007662963,1791007633219
ajay.k90@ei.aeskills.in,1791012927827,1791012857495
ajay.k93@ei.aeskills.in,1791023957645,1791023860000
ajay.kumar297@ei.aeskills.in,1791042450335,1791042408302
ajay.lodha@ei.aeskills.in,1791007153796,1791007150062
ajay078023@ei.aeskills.in,1791010385722,1791010383750
ajeet.singh8@ei.aeskills.in,1791029345860,1791029341269
ajit.gurjar@ei.aeskills.in,1791029522304,1791029516909
ajit.k8@ei.aeskills.in,1791013351416,1791013304225
ajmeera.gouthami1@ei.aeskills.in,1791018421502,1791018293838
ajmeera.tejasri@ei.aeskills.in,1791024589401,1791024360773
akabar.khan@ei.aeskills.in,1791029680413,1791029632382
akaram@ei.aeskills.in,1791022573846,1791022355427
akash.kumar162@ei.aeskills.in,1791008120249,1791008106555
akash.kumar192@ei.aeskills.in,1791042592783,1791042551453
akash.mdakam@ei.aeskills.in,1791006839096,1791006804518
akash.rathod3@ei.aeskills.in,1791040115481,1791040024000
akash.sabavath@ei.aeskills.in,1791040258989,1791040188000
akhil.jarpula@ei.aeskills.in,1791040358793,1791040322000
akhil.sunnam1@ei.aeskills.in,1791022651820,1791022563896
akhila.jonnalagadda@ei.aeskills.in,1791005997017,1791005470370
akhilesh.bukya@ei.aeskills.in,1791020059182,1791019576422
akshara.gummula@ei.aeskills.in,1791021483537,1791021435942
akshara.jadhav1@ei.aeskills.in,1791022804520,1791022718369
akshara.jadhav3@ei.aeskills.in,1791039569890,1791039516830
akshara.kumari36@ei.aeskills.in,1791010077204,1791010014434
akshara.rathod1@ei.aeskills.in,1791019538029,1791019458615
akshay.k54@ei.aeskills.in,1791027822584,1791027780000
akshay.khuswa@ei.aeskills.in,1791005802444,1791005437139
akshay.mudavath@ei.aeskills.in,1791036972156,1791036806000
akshaya.arka@ei.aeskills.in,1791021542870,1791021492456
akshaya.rathod1@ei.aeskills.in,1791019618256,1791019603775
akshaya.tejavath@ei.aeskills.in,1791018450135,1791018258201
akshaykumar.nallaboina@ei.aeskills.in,1791028519796,1791028399489
akshita.kumari59@ei.aeskills.in,1791030057412,1791029999403
akshita.kumari73@ei.aeskills.in,1791042759434,1791042724988
akshita.meena14@ei.aeskills.in,1790997119539,1790997100879
akshita.sharma37@ei.aeskills.in,1791042962106,1791042929129
akshith.aleti@ei.aeskills.in,1790993714413,1790993609000
akshith.rathod@ei.aeskills.in,1791036129845,1791036061535
akshra.k9@ei.aeskills.in,1790996742076,1790996615000
akshra.kumari55@ei.aeskills.in,1791043115214,1791043059263
aksra.bai@ei.aeskills.in,1791034850614,1791034813765
alavala.manasa@ei.aeskills.in,1791027651777,1791027593000
alfaij.kha@ei.aeskills.in,1791039385580,1791039345645
algunoori.athreya@ei.aeskills.in,1791034790043,1791034790738
alisha.bee4@ei.aeskills.in,1791005149241,1791005116399
aliya.k60@ei.aeskills.in,1791019035205,1791019032091
aliya0700166@ei.aeskills.in,1791034375669,1791034273138
alladi@ei.aeskills.in,1791019102340,1791018998935
amajat.kathat@ei.aeskills.in,1791029196853,1791029192766
aman.k90@ei.aeskills.in,1791029117732,1791029076000
aman.kumar500@ei.aeskills.in,1791028193092,1791028124480
aman.lodha3@ei.aeskills.in,1791016922881,1791016776156
aman.lodha4@ei.aeskills.in,1791017544130,1791017483026
aman72@ei.aeskills.in,1791009806938,1791009768989
amgoth.dinesh@ei.aeskills.in,1791039396976,1791039287000
amgoth.gabbarsingh@ei.aeskills.in,1791022967912,1791022893000
amgoth.ganesh4@ei.aeskills.in,1791039802710,1791039499000
amgoth.kiran@ei.aeskills.in,1791024226974,1791024205000
amgoth.prem@ei.aeskills.in,1791040111540,1791039983000
amgoth.varshitha1@ei.aeskills.in,1791044597652,1791044420000
amgoth.vasendhar@ei.aeskills.in,1791021673009,1791021630000
amit.k76@ei.aeskills.in,1791004425489,1791004393974
amit.kumar446@ei.aeskills.in,1791043303727,1791043264879
amit.lodha1@ei.aeskills.in,1791018046544,1791018004158
amit227051@ei.aeskills.in,1791023763923,1791023671031
amjat.kathat@ei.aeskills.in,1791029014988,1791029011347
ammulu.banoth2@ei.aeskills.in,1791005215522,1791004951625
ammulu.banoth@ei.aeskills.in,1791018674877,1791018587000
amrutha.banoth3@ei.aeskills.in,1791016176405,1791015888000
amulya.korsa@ei.aeskills.in,,1791039891000
anam.bee3@ei.aeskills.in,1791033703400,1791033667763
anamika.k31@ei.aeskills.in,1791027112271,1791027049000
anamika.k33@ei.aeskills.in,1791007856391,1791007801339
anand.ketavath@ei.aeskills.in,1791035860007,1791035788000
anand.kumar95@ei.aeskills.in,1791043452613,1791043418824
anand.mudavath@ei.aeskills.in,1791039239395,1791039174000
ananya.adwala@ei.aeskills.in,1791020751633,1791020646704
ananya.satwai@ei.aeskills.in,1791019956138,1791019888702
ananya.sharma44@ei.aeskills.in,1791043594698,1791043553551
angidi.keerthana@ei.aeskills.in,,1791010489000
angoth.kalyan@ei.aeskills.in,1791024426238,1791024423130
angoth.lohitha@ei.aeskills.in,,1791012636000
angoth.sravankumar@ei.aeskills.in,1791022967286,1791022958236
anil.k73@ei.aeskills.in,1791030878409,1791030874948
anil.rathod5@ei.aeskills.in,1791036093037,1791036082000
anilkumar.katroth@ei.aeskills.in,1791021034527,1791020562360
anisha.rawat4@ei.aeskills.in,1791005986040,1791005941030
anisha0380215@ei.aeskills.in,1791029505627,1791029477547
anita.gurjar6@ei.aeskills.in,1790996684478,1790996681169
anita.jangid@ei.aeskills.in,,1791022498739
anita.kumari134@ei.aeskills.in,1791004034310,1791004031725
anita.sen2@ei.aeskills.in,1791000995756,1791000992773
anjali.bheel9@ei.aeskills.in,1791006341448,1791006326742
anjali.chawan@ei.aeskills.in,1791021021568,1791020895301
anjali.gurjar58@ei.aeskills.in,1790997385846,1790997381712
anjali.jaliya@ei.aeskills.in,1791000469442,1791000465785
anjali.jupaka@ei.aeskills.in,1791012832464,1791012602000
anjali.k241@ei.aeskills.in,1791002231695,1791002195112
anjali.k247@ei.aeskills.in,1791019922129,1791019854936
anjali.k248@ei.aeskills.in,1791020854826,1791020799231
anjali.k249@ei.aeskills.in,1791030371305,1791030366767
anjali.kumari741@ei.aeskills.in,1791034313681,1791034273901
anjali.lodha6@ei.aeskills.in,1791022477331,1791022425157
anjali.mali10@ei.aeskills.in,1791032527931,1791032522319
anjali.meena38@ei.aeskills.in,1791007573311,1791007558728
anjali.yogi@ei.aeskills.in,1791016618639,1791016567014
anjana.k30@ei.aeskills.in,1791001045076,1791000985000
anjana.kumari55@ei.aeskills.in,1791028965203,1791028924052
anju.gurjar9@ei.aeskills.in,1791030406963,1791030401385
anju.kumari95@ei.aeskills.in,1791043709795,1791043678127
anju.tejavath@ei.aeskills.in,1791005459110,1791003643501
ankit.k112@ei.aeskills.in,1791006695774,1791006689000
ankit.kumar1112@ei.aeskills.in,1791006983508,1791006968261
ankit.kumar507@ei.aeskills.in,1791026894444,1791026828986
ankit.kumar568@ei.aeskills.in,1791013723975,1791013687657
ankit.lodha1@ei.aeskills.in,1791035277142,1791035085393
ankit.lodha8@ei.aeskills.in,1791012919100,1791012821215
ankita.banjara1@ei.aeskills.in,1790998337913,1790998231744
ankita.k126@ei.aeskills.in,1791010316646,1791010269493
ankita99@ei.aeskills.in,1791011501469,1791011443849
ankitha.ade2@ei.aeskills.in,1791039353409,1791039305101
ankitha.jadhav@ei.aeskills.in,1791021890601,1791021820081
ankush.kumari1@ei.aeskills.in,1791043815314,1791043777126
ankush.meena16@ei.aeskills.in,1791007079303,1791007061831
anlali.gurjar@ei.aeskills.in,1791027475581,1791027470739
anmol.k59@ei.aeskills.in,1791018803407,1791018766346
annanya.k2@ei.aeskills.in,1791010638946,1791010593150
annareddygari@ei.aeskills.in,1791027621927,1791027521000
anndi.meena@ei.aeskills.in,1791003107797,1791003084983
annu.kumari106@ei.aeskills.in,1791015594116,1791015544687
ansh.goswami2@ei.aeskills.in,1790999202022,1790999168469
anthati@ei.aeskills.in,1791026427739,1791026282000
antima100@ei.aeskills.in,1791011726525,1791011677259
anuj.rawat4@ei.aeskills.in,1791027874146,1791027866614
anush.muneshwar@ei.aeskills.in,1791019231087,1791019145853
anusha.chinthamala@ei.aeskills.in,1791024847099,1791024638943
anushka.jangid1@ei.aeskills.in,1791008484753,1791008478611
anushka.kumari139@ei.aeskills.in,1791044120120,1791044060276
anushka.kumari184@ei.aeskills.in,1791035004926,1791034965124
anushka.lodha1@ei.aeskills.in,1791017075314,1791016832181
anushka.meghwal@ei.aeskills.in,1791005958262,1791005919222
anusiya0380211@ei.aeskills.in,1791023526086,1791023490907
anvesh.keloth@ei.aeskills.in,1791008119003,1791008082874
apaka.nikhitha@ei.aeskills.in,1791035403515,1791035220671
aradhaya.kirad@ei.aeskills.in,1791044245588,1791044203776
aradhya.varma@ei.aeskills.in,1790998768889,1790998711000
aravind.banavath@ei.aeskills.in,1791040455648,1791040414000
aravind.pawar@ei.aeskills.in,1791040602400,1791040565000
aravind.thuniki@ei.aeskills.in,1791010876821,1791010814568
aravind.varsa@ei.aeskills.in,1791009157930,1791009091383
aravind.yerukali@ei.aeskills.in,1791035972502,1791035838000
arbaj.k9@ei.aeskills.in,1791022718294,1791022716249
archana.badhi@ei.aeskills.in,1791041870993,1791041807000
archana.kumari134@ei.aeskills.in,1791037878366,1791037792400
archna.kavar@ei.aeskills.in,1790990808286,1790990774916
archna.redas@ei.aeskills.in,1790997558248,1790997555277
arepally@ei.aeskills.in,1791027023114,1791026942000
arjun.banavath@ei.aeskills.in,1791035227855,1791035209000
arjun.kumar167@ei.aeskills.in,1791029656293,1791029615440
arjun.kumar204@ei.aeskills.in,1791010149456,1791010146890
arjun.kumar209@ei.aeskills.in,1791033008080,1791032942529
arjun.kumawat@ei.aeskills.in,1791017047186,1791017006008
arjun.rathod5@ei.aeskills.in,1791036527537,1791036514000
arjun.sabavath@ei.aeskills.in,1791037630872,1791037576000
arjunaik.chavan@ei.aeskills.in,1791035983278,1791035972000
arjunsingh.bhookya@ei.aeskills.in,1791020299519,1791020255804
arman.k76@ei.aeskills.in,1790998620586,1790998469000
arman.khan210@ei.aeskills.in,1791024113415,1791024073888
arman.khan60@ei.aeskills.in,1791028509903,1791028433927
arman.khan87@ei.aeskills.in,1791029377464,1791029261346
arman.khan88@ei.aeskills.in,1791030500770,1791030463259
arman.khan89@ei.aeskills.in,1791015970409,1791015938163
arman.khan90@ei.aeskills.in,1791016486608,1791016415633
arpit.kumar64@ei.aeskills.in,1791044414251,1791044360201
arpita0380214@ei.aeskills.in,1791029410393,1791029381197
arshan.khan3@ei.aeskills.in,1791034987733,1791034852584
arshid.khan1@ei.aeskills.in,1791027727175,1791027689493
arthi.durva@ei.aeskills.in,1791022255158,1791022197745
arun.erpa@ei.aeskills.in,1791016147843,1791016034485
arun.korsa@ei.aeskills.in,1791012172662,1791012135528
arun.lodha3@ei.aeskills.in,1791020798121,1791020765183
aruna.aruna1@ei.aeskills.in,1791029101112,1791029050509
arunteja.sayamala@ei.aeskills.in,1791018623329,1791018595504
arushi.banjara@ei.aeskills.in,1791012078006,1791012002687
arvind.bheel2@ei.aeskills.in,1791010303260,1791010253224
arvind.k110@ei.aeskills.in,1791010305189,1791010302891
arvind.kumar74@ei.aeskills.in,1791007334870,1791007291368
arvind.yadav1@ei.aeskills.in,1791016770362,1791016714000
aryan.poyam@ei.aeskills.in,1791019096192,1791019060168
asha.k41@ei.aeskills.in,1791006056965,1791006053242
asha.kumari42@ei.aeskills.in,1791044556420,1791044502603
ashish.gujjar@ei.aeskills.in,1791024728877,1791024620659
ashish.kumar289@ei.aeskills.in,1791044694065,1791044647450
ashish31@ei.aeskills.in,1791005212144,1791005174084
ashivini.suman@ei.aeskills.in,1791017821221,1791017645458
ashok.kuppagiri@ei.aeskills.in,1791039493945,1791039423000
ashvin.thurram@ei.aeskills.in,1791023078336,1791023021104
ashwini.jugnak@ei.aeskills.in,1791022483615,1791022443244
ashwini.putta@ei.aeskills.in,1791039524459,1791039319179
ashwitha.kathle@ei.aeskills.in,1791023500497,1791023436936
asiyan.khan@ei.aeskills.in,1791009653807,1791008503823
astha.k2@ei.aeskills.in,1791023780621,1791023711000
asunuri.akhil@ei.aeskills.in,1791020991536,1791020992557
aswanth.matta@ei.aeskills.in,1791018161106,1791018125893
aswhitha.boda@ei.aeskills.in,1791017043934,1791016912202
aswith.guguloth@ei.aeskills.in,1791020468725,1791020407844
aswith.karam@ei.aeskills.in,1791018830803,1791018795748
aswith.komaram@ei.aeskills.in,1791017963407,1791017933805
aswith.mdakam@ei.aeskills.in,1791008060812,1791007926565
atharv.meena1@ei.aeskills.in,1791027483967,1791027409123
athram.devi@ei.aeskills.in,1791016602361,1791016531000
athram.megamala1@ei.aeskills.in,1791025241183,1791024312000
athram.sonisri@ei.aeskills.in,1791025302690,1791025300648
atul.kumar54@ei.aeskills.in,1791027573696,1791027502000
atul.meena2@ei.aeskills.in,1791027719392,1791026648655
avani277@ei.aeskills.in,1791022690567,1791022594620
avanthika.rathod@ei.aeskills.in,1791018933993,1791018845835
avantika.puri@ei.aeskills.in,1791007965106,1791007963752
avika.nagar@ei.aeskills.in,1791009975264,1791009969141
avni.banjara@ei.aeskills.in,1791007343129,1791007219454
avunuri.rishil@ei.aeskills.in,1791023968402,1791023969457
ayan.ali17@ei.aeskills.in,1791026684473,1791026644874
ayush.sen4@ei.aeskills.in,1791044840533,1791044804637
ayyagalla@ei.aeskills.in,1791019585566,1791019406367
ayyori.varshitha@ei.aeskills.in,1791036341969,1791036252747
babita.k21@ei.aeskills.in,1791026493647,1791026490861
bablu.singh6@ei.aeskills.in,1791026151783,1791026144990
badal.bheel@ei.aeskills.in,1791045028599,1791044979737
badavath.ashwini2@ei.aeskills.in,1791025680300,1791025633809
badavath.avanthi@ei.aeskills.in,1791025397020,1791025335308
badavath.nikhitha1@ei.aeskills.in,1791025085493,1791024836054
badavath.tejashwini@ei.aeskills.in,1791026575551,1791026542132
badavath.vijay@ei.aeskills.in,1791021018399,1791020961000
badlu.rathod@ei.aeskills.in,1791034640147,1791034599000
baindla2@ei.aeskills.in,1791026593675,1791026473507
baindla5@ei.aeskills.in,1791039472162,1791039399000
balgovind.banjara@ei.aeskills.in,1790999834290,1790999768769
balla.sathish@ei.aeskills.in,1791040928744,1791040175000
balram.k10@ei.aeskills.in,1791006502140,1791006361490
banavath.pallavi1@ei.aeskills.in,1791020910775,1791020838000
banavath.shruthika@ei.aeskills.in,1791046996614,1791046926749
banda.ashwika@ei.aeskills.in,1791005442966,1791005314000
bandaram1@ei.aeskills.in,1791022153231,1791021903872
bandari1@ei.aeskills.in,1791018252341,1791018070000
bandari2@ei.aeskills.in,1791019975754,1791019715786
bandari@ei.aeskills.in,1791017988750,1791017882000
banoth.akshitha3@ei.aeskills.in,1791020564304,1791020477000
banoth.bindhu4@ei.aeskills.in,1791023183568,1791023076000
banoth.bindu2@ei.aeskills.in,1791027469649,1791027440854
banoth.deekshitha@ei.aeskills.in,1791029497606,1791029372000
banoth.gangadhar@ei.aeskills.in,1791023436774,1791023389000
banoth.harika7@ei.aeskills.in,1791018727862,1791018702618
banoth.karthik@ei.aeskills.in,1791019058511,1791019049159
banoth.manojkumar@ei.aeskills.in,1791024414991,1791024399000
banoth.naveenkumar@ei.aeskills.in,1791019765619,1791019755331
banoth.navyasri1@ei.aeskills.in,1791024950166,1791024872229
banoth.pallavi3@ei.aeskills.in,1791022706443,1791022666000
banoth.pavani6@ei.aeskills.in,1791026038674,1791025990000
banoth.raghunath@ei.aeskills.in,1791018659294,1791018649899
banoth.ramcharan1@ei.aeskills.in,1791023176627,1791023169522
banoth.sharmila@ei.aeskills.in,1791022557675,1791022435000
banoth.sravani3@ei.aeskills.in,1791023707129,1791023688000
banoth.videsha@ei.aeskills.in,1791041489173,1791026441000
banoth.vyshali5@ei.aeskills.in,1791018441115,1791018403063
banoth.yamini1@ei.aeskills.in,1791025891757,1791025853638
banothu.jhansi@ei.aeskills.in,1791047838492,1791047778000
banothu.sindhu2@ei.aeskills.in,1791047349620,1791047289000
banwari.k7@ei.aeskills.in,1791021248925,1791021206829
barmavath.mamatha@ei.aeskills.in,1791021888829,1791021648000
baskar.chavan@ei.aeskills.in,1791038066107,1791038052000
bathula@ei.aeskills.in,1791022694095,1791022516409
battu.shinika@ei.aeskills.in,1791021345284,1791021244000
beera.bai@ei.aeskills.in,1791016303613,1791016263736
begari1@ei.aeskills.in,1791025938317,1791025755236
begari2@ei.aeskills.in,1791016753829,1791016512000
bendaboina.sri@ei.aeskills.in,1791029008054,1791028943000
bhagirath.kumar2@ei.aeskills.in,1791006300851,1791006293664
bhagvan.shingh@ei.aeskills.in,1790999694082,1790999552061
bhagwan.k@ei.aeskills.in,1790999066145,1790998994000
bhagy.k@ei.aeskills.in,1791003237434,1791003169683
bhairu.k@ei.aeskills.in,1791007245167,1791007242864
bhakti84@ei.aeskills.in,1791022682272,1791022456991
bhanavath.purnimadevan@ei.aeskills.in,1791024562157,1791024378292
bhanukiran.chenchetti@ei.aeskills.in,1791037379116,1791037367000
bhanuprasad.jeedimadla@ei.aeskills.in,1791041418867,1791041306709
bharath.ayyapparajula@ei.aeskills.in,1791007343940,1791007240583
bharkha.k1@ei.aeskills.in,1791028530795,1791028531000
bharti.k37@ei.aeskills.in,1791019475020,1791019439305
bharti.sunariwal1@ei.aeskills.in,1791013280551,1791013198008
bhavani.k4@ei.aeskills.in,1791025121404,1791024707083
bhavani.kumram@ei.aeskills.in,1791039756743,1791039738000
bhavani038022@ei.aeskills.in,1791020036821,1791019993508
bhavishy0020130@ei.aeskills.in,1791040761904,1791040637854
bhavna.bai1@ei.aeskills.in,1791045246252,1791045181152
bhavna.k33@ei.aeskills.in,1790997168576,1790997164264
bhavna.kumari59@ei.aeskills.in,1791019031042,1791018977278
bhavna.rawat@ei.aeskills.in,1791012123778,1791012121358
bhavnna0700124@ei.aeskills.in,1791033561139,1791033518310
bhavyasri.beenaboina@ei.aeskills.in,1791018166132,1791018052607
bhawana.bhambhi@ei.aeskills.in,1790995974243,1790995971642
bhawana.gurjar9@ei.aeskills.in,1791010079162,1791010076816
bhawana.k26@ei.aeskills.in,1791003553651,1791003546326
bhawana.kumari38@ei.aeskills.in,1791004216730,1791004208994
bhawana.kumari42@ei.aeskills.in,1791045382942,1791045339886
bhawani.bheel1@ei.aeskills.in,1791021112371,1791021075688
bhawani.singh6@ei.aeskills.in,1791045814411,1791045747364
bhawna.rawat4@ei.aeskills.in,1791016658082,1791016566412
bherulal.sen@ei.aeskills.in,1791045973162,1791045926022
bhookya.ashvitha@ei.aeskills.in,1791024308059,1791024183789
bhoomika.eslavath@ei.aeskills.in,,1791017887000
bhoopathi.banoth@ei.aeskills.in,1791019446480,1791019348514
bhukya.amulya1@ei.aeskills.in,1791021195138,1791021090000
bhukya.deepika2@ei.aeskills.in,1791019945469,1791019840000
bhukya.keerthana1@ei.aeskills.in,1791019766449,1791019513000
bhukya.manvika@ei.aeskills.in,,1791019767000
bhukya.mary@ei.aeskills.in,1791043221392,1791026510000
bhukya.nithya@ei.aeskills.in,1791011099942,1791010878932
bhukya.rishikesh@ei.aeskills.in,1791019943649,1791019935782
bhukya.rishitha2@ei.aeskills.in,,1791012167000
bhukya.rithika@ei.aeskills.in,1791024891612,1791024786000
bhukya.sri1@ei.aeskills.in,1791025373097,1791025300000
bhukya.varshasree@ei.aeskills.in,,1791002925403
bhukya.vynavi@ei.aeskills.in,1791027209798,1791027158034
bhulee.bai@ei.aeskills.in,1791003019611,1791002972000
bhuli.bai1@ei.aeskills.in,1791012630981,1791012597105
bhulli.lodha@ei.aeskills.in,1791008788965,1791008736172
bhumika.rawat4@ei.aeskills.in,1791011868724,1791011863032
bhuvanteja.sorlam@ei.aeskills.in,1791027319600,1791027279555
bina.lodha@ei.aeskills.in,1791000770165,1791000711000
bindhu.banoth3@ei.aeskills.in,1791016827159,1791016821104
bindla@ei.aeskills.in,1791019492442,1791019262000
biramchand.lodha4@ei.aeskills.in,1791005972300,1791005969800
biskula.siri@ei.aeskills.in,1791022227904,1791022083000
boda.vamshivardhan@ei.aeskills.in,1791018853702,1791018842950
boda.vanisri@ei.aeskills.in,1791020385859,1791020327004
bodika.sruthigeeta@ei.aeskills.in,1791024721940,1791024637000
bogatha.ramalahari@ei.aeskills.in,1791005819613,1791005436000
bogi.babu@ei.aeskills.in,1791008074785,1791007463796
boll.yagneswari@ei.aeskills.in,1791022203349,1791022048157
bollam1@ei.aeskills.in,1791020635686,1791020400000
boogi.bai@ei.aeskills.in,1791012317713,1791012276936
borra.kavya@ei.aeskills.in,1791023386524,1791023299000
borra.sahasra@ei.aeskills.in,1791021117885,1791021031000
boyini@ei.aeskills.in,1791027888254,1791027822000
brajesh.bairagi@ei.aeskills.in,1791004161061,1791004125712
brajram.k@ei.aeskills.in,1791039836340,1791039660000
bucholla@ei.aeskills.in,1791019184294,1791019003000
buddula.praveena@ei.aeskills.in,1791030071434,1791030011000
bulbul.kirad@ei.aeskills.in,1791046113599,1791046067086
bulbul.verma@ei.aeskills.in,1791007158006,1791007105051
bulbuli.kumari@ei.aeskills.in,1791046283999,1791046232307
bupandar.singh@ei.aeskills.in,1791020351538,1791020351000
bushra.khan3@ei.aeskills.in,1791023855134,1791023800298
chaitanya.pawar1@ei.aeskills.in,1791019390870,1791019306956
chaithan.nunavath@ei.aeskills.in,1791023642445,1791023453283
chaithanya@ei.aeskills.in,1791011181985,1791011101625
chaitra.dharavath@ei.aeskills.in,,1791002335000
chalukkar.ashwin@ei.aeskills.in,1791020642438,1791020643400
chamanthi2@ei.aeskills.in,1791038048724,1791037961000
chamanthi@ei.aeskills.in,,1791025395000
chandam.pet@ei.aeskills.in,,1791025186000
chandana.v2@ei.aeskills.in,1791040349711,1791040210118
chandu.pole@ei.aeskills.in,1791042235510,1791042179000
chandu.ramavath@ei.aeskills.in,1791039613896,1791039571000
chanta.k1@ei.aeskills.in,1791020076837,1791020020740
charan.kaka1@ei.aeskills.in,1791019790369,1791019631992
charan.katroth@ei.aeskills.in,1791038482650,1791038284000
charan.kothur@ei.aeskills.in,,1791036372000
charan.matta@ei.aeskills.in,1791011839432,1791011777900
charan.muchika@ei.aeskills.in,1791022698836,1791022699000
charan.podiyam@ei.aeskills.in,1791020047469,1791020006798
charan.tellam@ei.aeskills.in,1791018269972,1791018220704
charanjeeth.maloth@ei.aeskills.in,1791023721318,1791023660000
charankumar.kangakla@ei.aeskills.in,1791015050682,1791015000982
charati@ei.aeskills.in,1791026842231,1791026765000
charpa.rakshitha@ei.aeskills.in,1791009794556,1791009645000
charpa.sirivennela@ei.aeskills.in,1791012324332,1791012179000
chatla.kavya@ei.aeskills.in,1791019028899,1791018984000
chavan.kamalam@ei.aeskills.in,1791024546657,1791024531000
chavan.lucky@ei.aeskills.in,1791023609198,1791023572000
chavan.saisrujan@ei.aeskills.in,1791021455559,1791021404000
chawan.reena@ei.aeskills.in,1791045325650,1791045259158
chetan.k34@ei.aeskills.in,1790998238693,1790998192000
chetan.meena1@ei.aeskills.in,,1791027412326
chetan.rawat2@ei.aeskills.in,1791030040033,1791030035887
chetan.singh5@ei.aeskills.in,1791001721403,1791001715995
chetan0840154@ei.aeskills.in,1791010433152,1791010383584
chetna.k18@ei.aeskills.in,1791009250796,1791009181317
chikram.maheshwari@ei.aeskills.in,1791024060393,1791016766000
chinki.chinki1@ei.aeskills.in,1791030435471,1791030398988
chinna.nunavath@ei.aeskills.in,1791026661770,1791026623164
chintu.bairwa2@ei.aeskills.in,1790992530012,1790992474000
chintu.khushwah@ei.aeskills.in,1791007152850,1791007106344
chirag.regar@ei.aeskills.in,1791000649438,1791000644869
chirag32@ei.aeskills.in,1791005563522,1791005512305
chitra.k10@ei.aeskills.in,1790991707506,1790991672261
chitranshi0840155@ei.aeskills.in,1791010606178,1791010545176
chukka1@ei.aeskills.in,1791018141959,1791018042392
chukka@ei.aeskills.in,1791022437987,1791022239451
daksh.k36@ei.aeskills.in,1791027246199,1791027203854
daksh.rav@ei.aeskills.in,1790998398884,1790998302000
dakshit.lodha@ei.aeskills.in,1791004096321,1791004093412
dala.k@ei.aeskills.in,1791030588927,1791030584337
damarakunta.naresh@ei.aeskills.in,1791021496180,1791021496903
danish.kumar11@ei.aeskills.in,1791025350697,1791025293965
danulla@ei.aeskills.in,1791038176615,1791038108000
dara3@ei.aeskills.in,1791027336028,1791027196000
daramsoth.pavithra@ei.aeskills.in,1791025519431,1791025507682
daravath.sravanthi1@ei.aeskills.in,1791002911300,1791002793911
daravath.tejashwini@ei.aeskills.in,1791024200296,1791023977000
darpard.luhar@ei.aeskills.in,1791027455258,1791027425868
darshan.singh6@ei.aeskills.in,1791029730096,1791029726490
darshanala.sushanth@ei.aeskills.in,1791019673759,1791019674791
dashrath.k4@ei.aeskills.in,1791029524215,1791029479209
deeksha.kunkulwar@ei.aeskills.in,1791023220300,1791023150011
deeksha0380210@ei.aeskills.in,1791023385440,1791023347342
deekshitha.kalviti@ei.aeskills.in,1791027940222,1791027646000
deekshitha.pasula@ei.aeskills.in,1791019338669,1791019285203
deepak.deepak13@ei.aeskills.in,1791032603004,1791032571763
deepak.k146@ei.aeskills.in,1791014218654,1791014184292
deepak.k151@ei.aeskills.in,1791029248668,1791029199055
deepak.singh46@ei.aeskills.in,1791002392491,1791002335884
deepak0840156@ei.aeskills.in,1791010797030,1791010744563
deepanshu.bandoliya@ei.aeskills.in,1791004538628,1791004524346
deepesh.k4@ei.aeskills.in,1791027935914,1791027900580
deepika.amgothu@ei.aeskills.in,1791002531762,1791002413173
deepika.banoth7@ei.aeskills.in,1791021941650,1791021573048
deepika.k166@ei.aeskills.in,1791021801057,1791021711131
deepika.kamera@ei.aeskills.in,1791009757282,1791009753636
deepika.kumari48@ei.aeskills.in,1791034882572,1791034758725
deepu.bhil1@ei.aeskills.in,1791011636147,1791011548611
deewan.k@ei.aeskills.in,1791028648473,1791028607000
degam.srivarsha@ei.aeskills.in,,1791012921000
degavath.gangakaveri@ei.aeskills.in,1791024765771,1791024671313
degavath.kavya@ei.aeskills.in,1791022468049,1791022393000
degavath.sheswanthsingh@ei.aeskills.in,1791023242801,1791023191000
dev.k27@ei.aeskills.in,1791009550010,1791009511973
deva.mokkati@ei.aeskills.in,1791020276637,1791020274476
deva.paddam@ei.aeskills.in,1791020050751,1791020047412
devalla.yaswanth@ei.aeskills.in,1791007894108,1791007388000
devansh.lodha1@ei.aeskills.in,1791036652507,1791036575028
devanshi.jodhawat@ei.aeskills.in,,1791024418586
devendra.singh53@ei.aeskills.in,1791030460929,1791030458327
devesh.k7@ei.aeskills.in,1791010494270,1791010490976
devika.bairwa2@ei.aeskills.in,1791004765415,1791004712184
devika.meghwal@ei.aeskills.in,1791002240258,1791002157682
devika.megwal@ei.aeskills.in,1791005433805,1791005396000
devika0840157@ei.aeskills.in,1791011030011,1791010936317
devraj.kumar36@ei.aeskills.in,1791034071944,1791034004535
devwarth.k@ei.aeskills.in,1791029808281,1791029746295
dhanavath.rahulgandhi@ei.aeskills.in,1791022643969,1791022638366
dhanavath.rakesh@ei.aeskills.in,1791020778527,1791020774072
dhanavath.ushashwini@ei.aeskills.in,1791046826383,1791046769438
dhanosh.punem@ei.aeskills.in,1791022069574,1791021748570
dhanraj.dangi@ei.aeskills.in,1790994606937,1790994510000
dhanraj.k16@ei.aeskills.in,1791007903997,1791007894445
dhanraj.lodha1@ei.aeskills.in,1791007922197,1791007911462
dhanraj.nath1@ei.aeskills.in,1791014326314,1791014259936
dhanusri.banoth@ei.aeskills.in,1791018048687,1791017761843
dhapubai.lodha@ei.aeskills.in,1791002233101,1791002233000
dharani.banoth@ei.aeskills.in,1791017075562,1791017052000
dharani.guguloth@ei.aeskills.in,1791040470545,1791040355000
dharavath.anjali5@ei.aeskills.in,1791018840576,1791018812765
dharavath.chanti@ei.aeskills.in,1791023882104,1791023784000
dharavath.charan3@ei.aeskills.in,1791006443937,1791006412000
dharavath.shanvika@ei.aeskills.in,1791005192169,1791005085000
dharavath.srinivas@ei.aeskills.in,1791021344157,1791021280000
dharavath.yogesh@ei.aeskills.in,1791008508921,1791008498792
dharmveer.k7@ei.aeskills.in,1791005611236,1791005572690
dhula.kovvasi@ei.aeskills.in,1791020545936,1791020541197
digvijay.singh15@ei.aeskills.in,1791027746693,1791027712740
diksha.megwal1@ei.aeskills.in,1791039396345,1791039325000
diksha102@ei.aeskills.in,1791012203923,1791012156464
diksha130@ei.aeskills.in,1791007247157,1791007205622
dilip.varma@ei.aeskills.in,1791033739205,1791033630672
dilkhush.bheel18@ei.aeskills.in,1791011427578,1791011357697
dilkhush.bhil4@ei.aeskills.in,1791007248485,1791007246074
dilkhush.k17@ei.aeskills.in,1790997837148,1790997789000
dilkhush.rawat27@ei.aeskills.in,1791007015298,1791007002484
dilkhush0840160@ei.aeskills.in,1791011715831,1791011649124
dilkush.bheel3@ei.aeskills.in,1791016130474,1791016101479
dilkush.kumar9@ei.aeskills.in,1791037727641,1791037676019
dilkush.lodha1@ei.aeskills.in,1791002423286,1791002417983
dinesh.kalthi@ei.aeskills.in,1791029277322,1791029234429
dinesh.kanithi@ei.aeskills.in,1791025038665,1791025007415
dinesh.megwal1@ei.aeskills.in,1791001517678,1791001413602
dinesh.vattem@ei.aeskills.in,1791007705446,1791007609492
dinvitha.pusam1@ei.aeskills.in,1791036944270,1791036835000
dipak.kushwah2@ei.aeskills.in,1790997419962,1790997258000
dipak.lodha1@ei.aeskills.in,1791004561206,1791004544897
dipak.meena2@ei.aeskills.in,1791012367856,1791012318627
dipak.meena3@ei.aeskills.in,1791003771645,1791003696257
dipesh.raidas@ei.aeskills.in,1791026602939,1791026598598
dipika.k35@ei.aeskills.in,1791010946100,1791010905044
dipika.kumari35@ei.aeskills.in,1791048041540,1791047964027
dipika17@ei.aeskills.in,1791027797614,1791027631066
dipmala.k@ei.aeskills.in,1791006156197,1791006097000
divakar.lodha@ei.aeskills.in,1791029153847,1791028540024
divya.k218@ei.aeskills.in,1791001342914,1791001274127
divya.k223@ei.aeskills.in,1791028063092,1791028021000
divya.k92@ei.aeskills.in,1791006108082,1791006046730
divya.khushwa@ei.aeskills.in,1791005153406,1791005119677
divya.khushwah1@ei.aeskills.in,1791005043293,1791004981696
divya.kumari257@ei.aeskills.in,1791028342144,1791028270533
divya.kumari273@ei.aeskills.in,1791030342091,1791030282000
divya.kumari326@ei.aeskills.in,1791037022469,1791036974785
divya.meghwanshi@ei.aeskills.in,1791009192721,1791009188568
divya.rawat23@ei.aeskills.in,1791007210060,1791007151713
divya.solanki6@ei.aeskills.in,1791020268439,1791020171591
divya0840158@ei.aeskills.in,1791011267991,1791011162804
divyanshi.khushwah@ei.aeskills.in,1791006943369,1791006870445
divyanshi.kumari123@ei.aeskills.in,1791036323159,1791036279740
divyanshu.lodha1@ei.aeskills.in,1791007302961,1791007298743
diya.k110@ei.aeskills.in,1791018392020,1791018381000
diya.k26@ei.aeskills.in,1791012580108,1791012532743
diya.kumari71@ei.aeskills.in,1791035933318,1791035893168
diya.meena16@ei.aeskills.in,1790999556378,1790999514374
doli.rithwik@ei.aeskills.in,1791020565842,1791020566596
dorishetty.smaran@ei.aeskills.in,1791015800898,1791015802417
dumpa.lahari@ei.aeskills.in,1791027882616,1791027789000
dumpalapally@ei.aeskills.in,1791017790839,1791017598000
duppati.sai@ei.aeskills.in,1791020889642,1791020890380
durga.lodha1@ei.aeskills.in,1791021410069,1791021354849
durgashankar.k@ei.aeskills.in,1790992953421,1790992902000
durgh.bheel@ei.aeskills.in,1791003151628,1791003144854
durva.vennela@ei.aeskills.in,1791028138450,1791028097843
durvika.songara@ei.aeskills.in,1791028598839,1791028533000
dushyant.dangi@ei.aeskills.in,1790994246517,1790994187000
dusyant.meena@ei.aeskills.in,1791003966202,1791003927245
duvvasi.ganesh@ei.aeskills.in,1791016056283,1791016057264
edannagari@ei.aeskills.in,1791037569107,1791037446000
eesam.karthika@ei.aeskills.in,1791021400023,1791021189000
eggigiri.srinithya@ei.aeskills.in,1791025633140,1791025601000
elthuri.siri@ei.aeskills.in,1791019228887,1791019117000
erpa.geethika@ei.aeskills.in,1791042358199,1791041857001
erpa.nithyasri@ei.aeskills.in,1791045945584,1791045889766
esalath.vaishnavi@ei.aeskills.in,1791020753819,1791020616000
eshana.bee@ei.aeskills.in,1791004618592,1791004581693
eshita.khushwah@ei.aeskills.in,1791003637969,1791003526666
esoujanya@ei.aeskills.in,1791012239666,1791012214000
faijan.khan4@ei.aeskills.in,1791034504433,1791034379524
faishan.khan@ei.aeskills.in,1791015324767,1791015296678
faizan.khan21@ei.aeskills.in,1791003945709,1791003945000
farjana.k9@ei.aeskills.in,1791023350452,1791023251387
firdous.k@ei.aeskills.in,1791022774381,1791022718688
firoj.khan7@ei.aeskills.in,1791024974786,1791024922179
gadam.krishnsveni@ei.aeskills.in,1791026396792,1791026311731
gajraj.bairwa1@ei.aeskills.in,1791000039230,1791000027334
gajraj.singh2@ei.aeskills.in,1791030605611,1791030603622
ganapa.pavitra@ei.aeskills.in,1791028659149,1791028552000
ganesh.bhukya6@ei.aeskills.in,,1791027886000
ganesh.pawar3@ei.aeskills.in,1791036394450,1791036368000
ganesh.sabavath1@ei.aeskills.in,1791037826707,1791037700000
ganga.banka@ei.aeskills.in,1791020825972,1791020776242
ganga.madavi@ei.aeskills.in,1791019789125,1791019776324
gangadhari2@ei.aeskills.in,,1791027535000
gangavath.chandu@ei.aeskills.in,1791022784558,1791022776216
gangavath.karannayak@ei.aeskills.in,1791008159777,1791008153530
gangothri.jadhav@ei.aeskills.in,1791021603647,1791021551109
gangothri.kodapa@ei.aeskills.in,1791039164597,1791039049416
gangothri.mettu@ei.aeskills.in,1791023829305,1791023781415
gangotri.thodem@ei.aeskills.in,1791033761319,1791033550000
garima.nagar1@ei.aeskills.in,1791038280670,1791038195000
gayatri.korra@ei.aeskills.in,1791040823160,1791040742000
geetha.banoth2@ei.aeskills.in,1791001463456,1791001344845
girraj.meena1@ei.aeskills.in,1791025501368,1791025363638
gnaneswari.bhukya@ei.aeskills.in,1791015183128,1791014472596
godisela.pranay@ei.aeskills.in,1791020477404,1791020478411
goggela.sathwika@ei.aeskills.in,1791025204216,1791024789000
golla.manohar@ei.aeskills.in,,1791038917000
gondi.nagulamm@ei.aeskills.in,1791035923135,1791035852061
gorav.sunariwal@ei.aeskills.in,1791006891248,1791006886449
gorav.yadav1@ei.aeskills.in,1791017419522,1791017387000
gori.gori1@ei.aeskills.in,1791028977110,1791028936492
goru.singh@ei.aeskills.in,1791006880672,1791006708073
gouri.banjara@ei.aeskills.in,1790997943622,1790997802486
goutam.bairwa1@ei.aeskills.in,1791003950993,1791003948250
goutham.barmavath@ei.aeskills.in,1791024562005,1791024534000
goutham.kode@ei.aeskills.in,1791028138016,1791028035637
gouthami.boppi@ei.aeskills.in,1791014004451,1791013756517
govind.bheel3@ei.aeskills.in,1790991818420,1790991779000
govind.bheel5@ei.aeskills.in,1791018194692,1791018160908
govind.bheel6@ei.aeskills.in,1791022618610,1791022569011
govind.lodha5@ei.aeskills.in,1791008941024,1791008885229
govind.ram17@ei.aeskills.in,1791001679302,1791001676181
gowtham.nupa@ei.aeskills.in,1791017163717,1791017079067
guddi.bai3@ei.aeskills.in,1791030114618,1791030075598
guddi.guddi@ei.aeskills.in,1791032357347,1791032319581
guglavath.ashwini@ei.aeskills.in,1791020439327,1791020338000
gugulavath.vathvika@ei.aeskills.in,1791021039505,1791020956000
guguloth.akshitha@ei.aeskills.in,1791010042260,1791009614000
guguloth.divya@ei.aeskills.in,1791026321729,1791026291505
guguloth.himabindhu1@ei.aeskills.in,1791019389099,1791019302000
guguloth.likhitha1@ei.aeskills.in,1791018201072,1791018146331
guguloth.meghana1@ei.aeskills.in,1791022068539,1791021948000
guguloth.nikshitha@ei.aeskills.in,,1791011351000
guguloth.nithin1@ei.aeskills.in,1791019227464,1791019216115
guguloth.pallavi3@ei.aeskills.in,,1791010062000
guguloth.samantha@ei.aeskills.in,1791017430374,1791017301000
guguloth.saraswathi@ei.aeskills.in,1791020061282,1791020016000
guguloth.vyshnavikumari@ei.aeskills.in,1791039231133,1791039172137
gugulothu.sharmila@ei.aeskills.in,1791047612752,1791047514000
gugulothu.tejasri@ei.aeskills.in,,1791011101000
gulpethi.karunyasri@ei.aeskills.in,1791029853479,1791029805000
gunchetti.praneeth@ei.aeskills.in,1791007145167,1791007136991
gundala.akshara@ei.aeskills.in,1791018668334,1791018573047
gundi.rajeswari@ei.aeskills.in,1791012969549,1791012876000
gungun.goswami1@ei.aeskills.in,1790999335591,1790999304507
gunjan.jangid2@ei.aeskills.in,1791007637615,1791007632461
gunjan.kumari194@ei.aeskills.in,1791028169820,1791028115000
gunjan.kumari238@ei.aeskills.in,1791034466552,1791034396279
gunjan.lodha5@ei.aeskills.in,1791002089178,1791002052676
gunjan.mali6@ei.aeskills.in,1791021498229,1791021492446
gunjan.meena22@ei.aeskills.in,1791009052523,1791009005210
gunjan.sankhala@ei.aeskills.in,1791009537582,1791009448569
gunjan038027@ei.aeskills.in,1791022675866,1791022638510
gurjakunta@ei.aeskills.in,,1791023621000
hafiz.khan@ei.aeskills.in,1791014428498,1791014395239
hanaraj.lodha@ei.aeskills.in,1791013219957,1791013177264
hansa.kumari4@ei.aeskills.in,1791001966432,1791001924600
hanuman.nath@ei.aeskills.in,1791017038481,1791016986981
hapavath.madhupriya@ei.aeskills.in,1791019313905,1791019063072
hari.priys@ei.aeskills.in,1791028830711,1791028788129
harika.2@ei.aeskills.in,1791010762041,1791010754446
harika.goggela@ei.aeskills.in,1791029298583,1791028661000
harika.n2@ei.aeskills.in,1791017104537,1791016816839
harika.yadapally@ei.aeskills.in,1791021070053,1791020933819
hariom.k12@ei.aeskills.in,1791017462998,1791017458256
hariom.k14@ei.aeskills.in,1791002336099,1791002319460
hariom.kumar31@ei.aeskills.in,1791036245897,1791036204950
haripriyanka.kumram@ei.aeskills.in,1791039116599,1791039101774
harkavath.deepika@ei.aeskills.in,1791008631293,1791008500000
harsha.seelam@ei.aeskills.in,1791010041680,1791009991848
harshavardahan.soyam@ei.aeskills.in,1791009908795,1791009843296
harshavardhan.cheemala@ei.aeskills.in,1791021472989,1791021363507
harshavardhan.gangavth@ei.aeskills.in,1791024859987,1791024783156
harshavardhan.kodimi@ei.aeskills.in,1791019532539,1791019487822
harshavardhan.kommaram@ei.aeskills.in,1791024007645,1791023905102
harshavardhan.thurram@ei.aeskills.in,1791016907920,1791016863571
harshini.cheemala@ei.aeskills.in,1791029805741,1791029692000
harshit.k34@ei.aeskills.in,1791029913542,1791029909305
harshita.k67@ei.aeskills.in,1791010517751,1791010453821
harshita.kumari129@ei.aeskills.in,1791007533052,1791007496940
harshita.meena8@ei.aeskills.in,1791002764345,1791002745078
harshita.songara@ei.aeskills.in,1791025142089,1791025051000
harshith.kalluri@ei.aeskills.in,1791017582549,1791017544065
harshith.komaram@ei.aeskills.in,1791017799436,1791017646218
harshith.poleboina@ei.aeskills.in,1791011374278,1791011345255
harshitha.bendabiona@ei.aeskills.in,1791027577185,1791027502000
haryali.k@ei.aeskills.in,1791017912340,1791017834082
heena.k27@ei.aeskills.in,1791023639825,1791023546000
heena.k29@ei.aeskills.in,1790999513323,1790999507695
hema.rawat2@ei.aeskills.in,1791018968815,1791018963209
hemasri.tejavath@ei.aeskills.in,1791023628578,1791023084677
hemlata.kumari31@ei.aeskills.in,1791029925134,1791029879247
hemlata.mali@ei.aeskills.in,1791008236050,1791008236000
hemraj.k28@ei.aeskills.in,1791004011659,1791003960798
himanshi.bhat@ei.aeskills.in,1791028394796,1791028391065
himanshi.k27@ei.aeskills.in,1791027167525,1791027111272
himanshi.k48@ei.aeskills.in,1791027702184,1791027666000
himanshu.meena21@ei.aeskills.in,1791000034390,1790999936804
himanshu.prajapati3@ei.aeskills.in,1791039543168,1791039487000
himanshu.rebari@ei.aeskills.in,1791001987265,1791001978031
himavarshini.ch2@ei.aeskills.in,1791039608398,1791039548324
homapriya.pothula@ei.aeskills.in,1791015156244,1791011988909
indra.gurjar@ei.aeskills.in,1791028842381,1791028837789
indu.sunkari@ei.aeskills.in,1791006515514,1791006166770
irpa.akshitha@ei.aeskills.in,1791027553948,1791027497000
irpa.mahalaxmi@ei.aeskills.in,1791033908837,1791033788267
irpa.varshitha@ei.aeskills.in,1791037891000,1791037783360
irpa.vennela@ei.aeskills.in,1791033389780,1791033252427
ishita.bairwa@ei.aeskills.in,,1791010690020
jadav.pournami@ei.aeskills.in,,1791023997490
jagadish.guguloth1@ei.aeskills.in,1791013304133,1791013244428
jahnavi.tejavath@ei.aeskills.in,1791017758859,1791017594000
jaideep.bhat@ei.aeskills.in,1791028458309,1791028454654
jaiprakash.sonde@ei.aeskills.in,1791021169486,1791021083354
jaisri.chikram@ei.aeskills.in,1791038162547,1791037588000
jakkula2@ei.aeskills.in,1791022866398,1791022746000
janagam.charan@ei.aeskills.in,1791020001989,1791020002979
jangam1@ei.aeskills.in,1791025888232,1791025792000
jangubai.kanaka@ei.aeskills.in,1791016427860,1791016300000
janige.harshith@ei.aeskills.in,1791020529020,1791020517910
janvi.k49@ei.aeskills.in,1791018660924,1791018642000
janvi.kumar4@ei.aeskills.in,1791002417256,1791002407218
jarpula.bhanupriya@ei.aeskills.in,1791027446930,1791027385000
jarpula.bindu@ei.aeskills.in,1791047231483,1791047172000
jarpula.sheshi@ei.aeskills.in,1791020474131,1791020475203
jarupula.niharika1@ei.aeskills.in,1791040994850,1791026259142
jarupula.poojitha@ei.aeskills.in,1791007939906,1791007761000
jasvanth.punem@ei.aeskills.in,1791022892742,1791022836154
jaswant.k10@ei.aeskills.in,1791005478897,1791005427011
jaswant.meghwal@ei.aeskills.in,1791009137462,1791009065273
jaswanth.matta@ei.aeskills.in,1791006628729,1791006554778
jaswanth.vasam@ei.aeskills.in,1791026767678,1791026715261
jatavath.maheshwari@ei.aeskills.in,1791048166397,1791048117308
jatin.kumar229@ei.aeskills.in,1791040131295,1791040048092
jatoth.anjali4@ei.aeskills.in,1791047458817,1791047411294
jayant.k3@ei.aeskills.in,1791038614442,1791038535000
jayavardhan.nenavath1@ei.aeskills.in,1791026223585,1791026117209
jeetu.berwa@ei.aeskills.in,1791011701231,1791011628076
jeevan.kotem@ei.aeskills.in,1791026947074,1791026923494
jeevraj.gurjar6@ei.aeskills.in,1791001429145,1791001425226
jessi.payam@ei.aeskills.in,1791028850079,1791028795000
jessika.bhukya@ei.aeskills.in,,1791001857000
jitendra.kumar24@ei.aeskills.in,1791028621446,1791028583254
jitendra.lodha1@ei.aeskills.in,1791005371249,1791005301495
jitendra.rawat8@ei.aeskills.in,1791009582875,1791009583000
jivan.bheel1@ei.aeskills.in,1790992707608,1790992659000
jivraj.gurjar1@ei.aeskills.in,1790998416223,1790998412114
jiya.bheel1@ei.aeskills.in,1791000785561,1791000753686
jiya.kumari51@ei.aeskills.in,1791007753722,1791007697603
jiya.kumari72@ei.aeskills.in,1791000507744,1791000442000
jiya.kumari73@ei.aeskills.in,1791035337235,1791035263100
jiya.soni2@ei.aeskills.in,1791000010738,1790999948600
jiyana.bee@ei.aeskills.in,1791014779797,1791014725911
jogendra.madakam@ei.aeskills.in,,1791022029567
jogyari@ei.aeskills.in,1791018723330,1791018605000
josheph.thurram@ei.aeskills.in,1791022575530,1791022526840
joya.k41@ei.aeskills.in,1791024721841,1791024715313
joya.khan5@ei.aeskills.in,1791002005543,1791001833885
joyoti.rawat@ei.aeskills.in,1791027414400,1791027411631
juber.k6@ei.aeskills.in,1791032384085,1791032380663
jugnaka.haritha@ei.aeskills.in,1791016719143,1791016693000
jula.akshith@ei.aeskills.in,1791022965889,1791022966882
jya.megwal@ei.aeskills.in,1790999159185,1790999113147
jyoshna.sidam@ei.aeskills.in,1791020035764,1791019965088
jyoti.banjara2@ei.aeskills.in,1791012365399,1791012271381
k.pojitha@ei.aeskills.in,1791026994937,1791026892000
k.rakshitha2@ei.aeskills.in,1791023485455,1791020432000
k.shravani1@ei.aeskills.in,1791045612314,1791045550713
kabir.k3@ei.aeskills.in,1790999106375,1790999098863
kadamanchi1@ei.aeskills.in,1791027139223,1791027076000
kadavath.dharmika@ei.aeskills.in,1791025321163,1791025288073
kadem.saiteja@ei.aeskills.in,1791024303247,1791024298816
kajal.jadhav@ei.aeskills.in,1791023087592,1791023039669
kajal.k126@ei.aeskills.in,1791004567337,1791004512285
kajal.kumari557@ei.aeskills.in,1791015632499,1791015598769
kajal.meena19@ei.aeskills.in,1791007887647,1791007868860
kajal.sen3@ei.aeskills.in,1791002556583,1791002327780
kaka.lasya1@ei.aeskills.in,1791026739951,1791026639000
kaka.malleswari1@ei.aeskills.in,1791029964170,1791029905000
kalavati.bai@ei.aeskills.in,1791018014051,1791017983812
kalawatibai.lodha@ei.aeskills.in,1791007469368,1791007465523
kali.gurjar8@ei.aeskills.in,1791031042577,1791031037762
kalthi.bhanu@ei.aeskills.in,1791020245248,1791020140000
kalulal.k@ei.aeskills.in,,1791003015725
kalyan.turram@ei.aeskills.in,1791024477474,1791024391711
kamal.singh2@ei.aeskills.in,1791016747529,1791016743060
kamalkishor0380220@ei.aeskills.in,1791030283658,1791030251242
kamlesh.gurjar20@ei.aeskills.in,1791001197742,1791001195242
kamlesh.k55@ei.aeskills.in,1791024738341,1791024693588
kamli.k@ei.aeskills.in,1791030947902,1791030942636
kampelly.salem@ei.aeskills.in,1791023682847,1791023683902
kandela.akshitha@ei.aeskills.in,1791019482085,1791019410382
kandela.rukmini@ei.aeskills.in,1791022196197,1791022127467
kanha.bairwa@ei.aeskills.in,1791008369263,1791008322173
kanishka.seni@ei.aeskills.in,1791032020819,1791032015378
kanithi.akshitha@ei.aeskills.in,1791027112877,1791027054000
kanithi.deepika@ei.aeskills.in,1791008367874,1791008215000
kanithi.midhunasri@ei.aeskills.in,1791010416811,1791010046200
kanithi.nishitha@ei.aeskills.in,1791037618432,1791037516036
kanithi.ramajyothi1@ei.aeskills.in,1791027242654,1791027163000
kanithi.roshini1@ei.aeskills.in,1791036535072,1791036457726
kapil.lodha2@ei.aeskills.in,1791037580212,1791037295212
kapil104@ei.aeskills.in,1791012359706,1791012305838
kappakanty.adhithya@ei.aeskills.in,1791017749099,1791017750139
karam.keerthana@ei.aeskills.in,1791007357412,1791006749219
karam.srivalli1@ei.aeskills.in,1791008120433,1791008035000
karan.ramavath@ei.aeskills.in,1791038773723,1791038707000
karan34@ei.aeskills.in,1791006323570,1791006276711
kareena.kumari27@ei.aeskills.in,1791015233717,1791015203802
karina.meena1@ei.aeskills.in,1791001061286,1791001011101
karko.kalyani@ei.aeskills.in,1791039606249,1791039400981
karthik.banoth1@ei.aeskills.in,1791023134435,1791023063572
karthikeya.peram@ei.aeskills.in,1791019313046,1791019270011
kartik.k43@ei.aeskills.in,1791005238107,1791005221304
kartik.khushwah@ei.aeskills.in,1791006783090,1791006747335
kartik.kumar96@ei.aeskills.in,1791036908337,1791036908000
kartik.lodha8@ei.aeskills.in,1791026967586,1791025221705
kartikkumar.lodha@ei.aeskills.in,1791005020177,1791005014198
kashish.panchal@ei.aeskills.in,1790998920474,1790998854075
katravath.mounika@ei.aeskills.in,,1791020465000
katravath.srinithi@ei.aeskills.in,,1791020424000
katroth.chintu@ei.aeskills.in,1791023937829,1791023911000
kattam.varshitha@ei.aeskills.in,1791030687041,1791030644483
kaushalya.k8@ei.aeskills.in,1791011010057,1791010897732
kaveri.banoth2@ei.aeskills.in,1791016369792,1791016269000
kavita.gurjar7@ei.aeskills.in,1791013619647,1791013614882
kavita.k122@ei.aeskills.in,1791010732560,1791010730014
kavita.kumari82@ei.aeskills.in,1791003577282,1791003570478
kavita.rawat18@ei.aeskills.in,1791024916338,1791024911303
kavitha.bhukya1@ei.aeskills.in,1791018711584,1791018694515
kavya.rathod1@ei.aeskills.in,1791019711805,1791019646354
kavya.sidam@ei.aeskills.in,1791020217886,1791020110600
keerthana.basetty@ei.aeskills.in,1791018633462,1791017467000
keerthi.madakam@ei.aeskills.in,1791027429171,1791027279000
keesari.priya@ei.aeskills.in,1791027010489,1791026714000
keloth.vishnavi@ei.aeskills.in,1791027347312,1791027283654
kesari.pravalika@ei.aeskills.in,1791023307466,1791023231000
keshapaka1@ei.aeskills.in,1791028181699,1791028075000
keshapaka@ei.aeskills.in,1791024948012,1791024730000
kethavath.akhil4@ei.aeskills.in,1791020723544,1791020714458
kethavath.karthik1@ei.aeskills.in,1791022405933,1791022397894
kethavath.mahesh4@ei.aeskills.in,1791020881625,1791020873598
kethavath.nandhini3@ei.aeskills.in,1791026728732,1791026697697
kethavath.raghavi@ei.aeskills.in,1791045753139,1791045673000
kethavath.sangeetha@ei.aeskills.in,1791047950245,1791047898368
kethavath14@ei.aeskills.in,1791018937060,1791018791117
khemraj.k1@ei.aeskills.in,1791022308775,1791022306446
khusbhu.kumari6@ei.aeskills.in,1791027115043,1791027006977
khushbu.k120@ei.aeskills.in,1791035505747,1791035503313
khushbu.kumari170@ei.aeskills.in,1791007910945,1791007858330
khushbu0840161@ei.aeskills.in,1791012427775,1791012340935
khushi.erwal@ei.aeskills.in,1790993571648,1790993526000
khushi.gurjar72@ei.aeskills.in,1791000247017,1791000242011
khushi.gurjar85@ei.aeskills.in,1791001920609,1791001920000
khushi.k365@ei.aeskills.in,1790992228905,1790992159507
khushi.k443@ei.aeskills.in,1791009694818,1791009564995
khushi.kailash@ei.aeskills.in,1791008727166,1791008723983
khushi.nagar3@ei.aeskills.in,1791008368194,1791008314679
khushi.rawat45@ei.aeskills.in,1791000092745,1791000033201
khushi.saini17@ei.aeskills.in,,1791026565197
khushi0700148@ei.aeskills.in,1791033714168,1791033639000
khushi070019@ei.aeskills.in,1791033301532,1791033264168
khushi33@ei.aeskills.in,1791028223605,1791028022610
kimal.gurjar@ei.aeskills.in,1790997954372,1790997951008
kinaka.pooja@ei.aeskills.in,1791023490126,1791023381090
kiran.bairwa6@ei.aeskills.in,1790994754873,1790994691000
kiran.chavan1@ei.aeskills.in,1791037162981,1791037151000
kiran.k130@ei.aeskills.in,1791014832390,1791014782799
kiran.k133@ei.aeskills.in,1791031105159,1791031100997
kiran.k140@ei.aeskills.in,1791003694278,1791003688416
kiran.kanwar1@ei.aeskills.in,1791000865095,1791000846922
kiran.kodi@ei.aeskills.in,1791007163969,1791007065646
kiran.maghwanshi@ei.aeskills.in,1791001345995,1791001333879
kiran.raidas@ei.aeskills.in,1791023375490,1791023370613
kiran.regar3@ei.aeskills.in,1791000732820,1791000729810
kiran.sabavath@ei.aeskills.in,1791038501671,1791038437000
kiran0380217@ei.aeskills.in,1791029768593,1791029736419
kiran038021@ei.aeskills.in,1791019892903,1791017144385
kiran133@ei.aeskills.in,1791032617330,1791032593863
kiranyadav.mekala@ei.aeskills.in,1791036123727,1791036040000
kirti.lodha@ei.aeskills.in,1791009996835,1791009920028
kirti038029@ei.aeskills.in,1791023255028,1791023055132
kishan.banjara@ei.aeskills.in,1791007093073,1791006761542
kishkinda.k@ei.aeskills.in,1790999434096,1790999429209
kolguri@ei.aeskills.in,1791037736190,1791037654000
kollepu@ei.aeskills.in,1791026833234,1791026664684
komal.gurjar66@ei.aeskills.in,1791011686674,1791011684533
komal.k118@ei.aeskills.in,1791028032123,1791028000550
komal.k230@ei.aeskills.in,1791027401324,1791027397278
komal.k239@ei.aeskills.in,1791005807239,1791005767248
komal.k249@ei.aeskills.in,1791008583048,1791008522127
komal.k251@ei.aeskills.in,1791004140330,1791004110818
komal.kumar11@ei.aeskills.in,1791006931459,1791005829294
komal.kumari3261@ei.aeskills.in,1791016077850,1791016075543
komal.lodha5@ei.aeskills.in,1791014569107,1791014514030
komal.meena21@ei.aeskills.in,1791028942012,1791028869108
komal.rawat54@ei.aeskills.in,1791000924448,1791000874341
komal.yogi@ei.aeskills.in,1791014150866,1791013262674
komal102@ei.aeskills.in,,1791013286490
komal105@ei.aeskills.in,1791014827758,1791014709000
komali.i@ei.aeskills.in,1791043584531,1791043458538
komaram.mahisree@ei.aeskills.in,1791008852218,1791008773000
komaram.ribka@ei.aeskills.in,1791037134219,1791037020584
komaram.sandhyalatha@ei.aeskills.in,1791027340346,1791027288000
kommu4@ei.aeskills.in,1791018488789,1791018309000
konda.surakshithu@ei.aeskills.in,1791022598246,1791022599244
kondaparthi.sushanth@ei.aeskills.in,1791022450511,1791022451502
kondru.harika1@ei.aeskills.in,,1791013654352
koram.anudeepthi@ei.aeskills.in,1791040552714,1791040506284
korra.akshitha@ei.aeskills.in,1791046388507,1791046322000
korra.charan5@ei.aeskills.in,1791021508532,1791021465000
korra.jagan1@ei.aeskills.in,1791024076958,1791024039000
korra.jaswitha@ei.aeskills.in,1791039927716,1791039782568
korra.santhosh2@ei.aeskills.in,1791006170321,1791006100000
korsa.meghana@ei.aeskills.in,1791006492264,1791005934000
korsa.seethalaxmi@ei.aeskills.in,1791030795663,1791030739597
koshalya.k3@ei.aeskills.in,1791011108284,1791011082695
kosra.jeethraswarupini@ei.aeskills.in,1791029751879,1791029661000
kotem.lowkya@ei.aeskills.in,1791041609180,1791041529000
koteswari.pidiyala@ei.aeskills.in,1791019972236,1791019661673
kottem.pranavi@ei.aeskills.in,1791026194018,1791025828000
kowshik.poleboina@ei.aeskills.in,1791008384823,1791008318735
kowshikvardhan.podiyam@ei.aeskills.in,1791015957965,1791015872213
krish.k20@ei.aeskills.in,1791003447407,1791003412984
krish.kalluri@ei.aeskills.in,1791017317230,1791017225165
krish.suman1@ei.aeskills.in,1791004453745,1791004411914
krishana.k18@ei.aeskills.in,1791005785651,1791005780673
krishangopal.kumar3@ei.aeskills.in,1791027861689,1791027709718
krishna.k245@ei.aeskills.in,1791007609282,1791007546971
krishna.maloth@ei.aeskills.in,1791025468591,1791025427902
krishna.nagar2@ei.aeskills.in,1791029822568,1791029749000
krishna.pendur@ei.aeskills.in,,1791034610000
krishna.raika@ei.aeskills.in,1791003333579,1791003327930
krishna.rawat12@ei.aeskills.in,1791018315603,1791018296703
krishna.rawat28@ei.aeskills.in,1791027124347,1791027121728
krishna.rawat29@ei.aeskills.in,1791000566832,1791000518427
krishna0840162@ei.aeskills.in,1791012641437,1791012559373
krishna74@ei.aeskills.in,1791009975743,1791009936198
krishnudu.gundi@ei.aeskills.in,1791011055655,1791010993373
kritika.k40@ei.aeskills.in,1791013464831,1791013396131
krupavathi.jadhav@ei.aeskills.in,1791021951982,1791021860401
kruthikteja.sayamala@ei.aeskills.in,1791018724295,1791018688870
kuldeep.singh70@ei.aeskills.in,1791012275206,1791012168367
kuldeep.singh85@ei.aeskills.in,1791006245220,1791006242129
kuldip.berva@ei.aeskills.in,1791004147769,1791004102992
kumkum.k20@ei.aeskills.in,1791004726559,1791004686565
kumma.sanjana@ei.aeskills.in,1791046270170,1791046194000
kummari.aradya@ei.aeskills.in,1791004189613,1791003918000
kummari.venkatesh1@ei.aeskills.in,1791024755149,1791024756168
kumra.vanitha@ei.aeskills.in,1791024914921,1791024774000
kunal.pankaj@ei.aeskills.in,1791026928695,1791026878754
kunja.keerthana@ei.aeskills.in,1791028356883,1791028297000
kunja.pallavi@ei.aeskills.in,1791012068484,1791011991000
kunja.srinidhi@ei.aeskills.in,1791036705877,1791036623828
kunja.srunithya@ei.aeskills.in,1791018389053,1791018160000
kuntala.anand@ei.aeskills.in,1791016706829,1791016707831
kuntidoddi@ei.aeskills.in,1791038954835,1791038788000
kurasam.amrutha@ei.aeskills.in,1791012576083,1791012427000
kurra1@ei.aeskills.in,1791017254486,1791017098000
kursam.nithyasri@ei.aeskills.in,1791034325991,1791034246437
kushal.singh19@ei.aeskills.in,1791001808995,1791001790664
kushanth.bairwa@ei.aeskills.in,1791008195447,1791008129480
kusuma.bhukya@ei.aeskills.in,1791003242841,1791003115000
lachand.k@ei.aeskills.in,1791008302838,1791008299371
laharshavardahan.pisodi@ei.aeskills.in,1791020957510,1791020762322
lakavath.ashvitha@ei.aeskills.in,1791022900292,1791022783000
lakavath.mokshasri@ei.aeskills.in,1791009798794,1791009616678
lakavath.nikhitha2@ei.aeskills.in,,1791011809000
lakhan.k16@ei.aeskills.in,1791022328784,1791022273299
lakhan.kumar37@ei.aeskills.in,,1791011697000
lakhan.lodha3@ei.aeskills.in,1791001704830,1791001673374
lakki.k5@ei.aeskills.in,1791026376160,1791026297158
lakki.k6@ei.aeskills.in,1791019906960,1791019754855
lakky.k1@ei.aeskills.in,1791020289225,1791020228175
lakshami.k1@ei.aeskills.in,1791014166559,1791014134121
lakshmi.bai8@ei.aeskills.in,1791008111466,1791008043512
lakshmi.k146@ei.aeskills.in,1791004900941,1791004863000
lakshmi.kumari90@ei.aeskills.in,1791035553367,1791035439730
lakshmi.kumari91@ei.aeskills.in,1791035777377,1791035699470
lalita.bai1@ei.aeskills.in,1791004548436,1791004546707
lalita.bai@ei.aeskills.in,1791003720786,1791003676022
lalita.k61@ei.aeskills.in,1791004852108,1791004808277
lalita.rawat6@ei.aeskills.in,1791011057789,1791011055079
lalita093041@ei.aeskills.in,1791021938463,1791021933594
lalitha.ade@ei.aeskills.in,1791039072124,1791038439000
lalitha.k1@ei.aeskills.in,1791044110404,1791044039573
latesh.gotam@ei.aeskills.in,1791039229310,1791039148000
lavankumar.kram@ei.aeskills.in,1791015587103,1791015328364
lavanya.ade@ei.aeskills.in,1791021092916,1791020987257
lavanya.chodari@ei.aeskills.in,1791010342144,1791010342000
lavanya.gandham@ei.aeskills.in,1791010664164,1791010628000
lavanya.sidam@ei.aeskills.in,1791040798341,1791040780000
lavayna.guguloth@ei.aeskills.in,1791023005611,1791022615024
lavisha.k5@ei.aeskills.in,1791001575802,1791001392764
lavudya.akshaya1@ei.aeskills.in,1791010298775,1791010188223
lavudya.pallavi1@ei.aeskills.in,1791024102737,1791024017761
lavudya.sindhu@ei.aeskills.in,1791020572856,1791020485000
laxman.banoth@ei.aeskills.in,1791023296493,1791023248918
laxman.mudavath@ei.aeskills.in,1791037720506,1791037704000
laxman093042@ei.aeskills.in,1791022124332,1791022119715
laxmi.ade@ei.aeskills.in,1791021287749,1791021226798
laxmi.bailodha@ei.aeskills.in,1791015908191,1791015836251
laxmi.berva1@ei.aeskills.in,1791011549677,1791011546572
laxmi.bheel12@ei.aeskills.in,1791000104503,1791000100467
laxmi.gurjar17@ei.aeskills.in,1790996662732,1790996659022
laxmi.k241@ei.aeskills.in,1791031268828,1791031264482
laxmi.lodha4@ei.aeskills.in,1791039237252,1791039137662
laxmi.meena19@ei.aeskills.in,1791016950500,1791016917006
laxmi.meena23@ei.aeskills.in,1791019306357,1791019275927
laxmi.meena27@ei.aeskills.in,1790997643081,1790997417303
laxmi.meena30@ei.aeskills.in,1791003632261,1791003586385
laxmi.rawat12@ei.aeskills.in,1791028593786,1791028587212
laxmisatwik.kursam@ei.aeskills.in,1791011708415,1791011674323
lekharaj.singh@ei.aeskills.in,1791029036333,1791029032450
lekhraj.lodha1@ei.aeskills.in,1791037332209,1791037296433
lingampelly.harshith@ei.aeskills.in,1791023234373,1791023235363
lipsika.morapaka@ei.aeskills.in,1791011082571,1791011031122
lohith.pilli@ei.aeskills.in,1791040949403,1791040836763
lohith.tejavath@ei.aeskills.in,1791024266849,1791024086213
lokesh.gurjar14@ei.aeskills.in,1791009943681,1791009935021
lokesh.k65@ei.aeskills.in,1791027613764,1791027566428
lokesh.k71@ei.aeskills.in,1791010680557,1791010620043
lokesh.surnapak@ei.aeskills.in,1791022182364,1791022135321
lokesh.yerukala@ei.aeskills.in,1791038360855,1791038301000
lokesh0030196@ei.aeskills.in,1791019326948,1791019327000
lokini.chinmai@ei.aeskills.in,,1791012393000
lokini.nithya@ei.aeskills.in,,1791012184612
love.love2@ei.aeskills.in,1791030558081,1791030523857
lovekush.meghval1@ei.aeskills.in,1791008851951,1791008784742
lovelkhush.singh@ei.aeskills.in,1791005223115,1791005183863
lovukush.khushwah@ei.aeskills.in,1791002742466,1791002659050
lshita.regar@ei.aeskills.in,1790996994359,1790996990100
lucky.gurjar5@ei.aeskills.in,1791010601025,1791010592712
lucky.k54@ei.aeskills.in,1791012383380,1791012378756
lucky.k55@ei.aeskills.in,1791027579103,1791027528000
lucky.lucky11@ei.aeskills.in,1791032487820,1791032453650
lucky.m1@ei.aeskills.in,1791006480244,1791006477539
lucky.nunavath@ei.aeskills.in,1791026538509,1791026508476
lunavathu.manisha@ei.aeskills.in,1791042377751,1791026334000
lyadalla@ei.aeskills.in,1791025724860,1791025574000
machha.jhansi@ei.aeskills.in,1791018930535,1791018904384
madaka.lasya@ei.aeskills.in,1791028245614,1791028151000
madakam.laxmi5@ei.aeskills.in,1791030910037,1791030861065
madakam.mari@ei.aeskills.in,1791038797640,1791038743867
madakam.vishnavi@ei.aeskills.in,1791003161683,1791003034000
madakan.mahimanvitha@ei.aeskills.in,1791020087761,1791019827000
maddala.rajasri@ei.aeskills.in,1791027989194,1791027936000
maddeni1@ei.aeskills.in,1791020829634,1791020452840
madduri1@ei.aeskills.in,1791026551452,1791026479000
madduri2@ei.aeskills.in,1791037197071,1791037096733
madduri3@ei.aeskills.in,1791037882609,1791037795000
madduri@ei.aeskills.in,1791025346849,1791023811000
madhu.k29@ei.aeskills.in,1791027315965,1791027276075
madivi.hansika@ei.aeskills.in,1791020796135,1791020632027
mahesh.banoth4@ei.aeskills.in,1791027494471,1791027458548
mahesh.kakam@ei.aeskills.in,1791015750240,1791015645715
mahesh.kumar94@ei.aeskills.in,1791015804458,1791015769485
mahesh.kumar96@ei.aeskills.in,1791017389983,1791017358461
mahesh.pendur@ei.aeskills.in,1791034343375,1791034114849
mahesh.sabavath@ei.aeskills.in,1791037114209,1791037043000
maheshbabu.kanaka@ei.aeskills.in,,1791036392619
mahima.lodha6@ei.aeskills.in,1791021808016,1791021777073
mahipal.kumar@ei.aeskills.in,1790998037006,1790998032357
mahshnayak.varthya@ei.aeskills.in,1791036292304,1791036273000
maina.k4@ei.aeskills.in,,1791014803636
malakammari@ei.aeskills.in,1791021617980,1791020911000
malavath.ajay@ei.aeskills.in,1791018395586,1791018396601
malavath.ajeethkumar@ei.aeskills.in,1791019580173,1791019571103
malavath.akshara@ei.aeskills.in,1791010769947,1791010470689
malavath.aravind@ei.aeskills.in,1791021428257,1791021420716
malavath.premkumar@ei.aeskills.in,1791020275731,1791020269720
malavath.sahithi@ei.aeskills.in,1791021536565,1791021407000
malavath.sindhuja@ei.aeskills.in,1791002872216,1791002588000
malavath.vaishnavi1@ei.aeskills.in,,1791010787000
malavika.katla@ei.aeskills.in,1791019039154,1791018991962
mallam.niksritha@ei.aeskills.in,1791028097534,1791028039000
mallugari@ei.aeskills.in,1791038510917,1791038442000
maloth.akshitha@ei.aeskills.in,,1791020078671
maloth.ashwitha@ei.aeskills.in,1791018949239,1791018768308
maloth.devisingh@ei.aeskills.in,1791020098611,1791020090760
maloth.maheshwari@ei.aeskills.in,,1791020205000
maloth.rishitha2@ei.aeskills.in,1791027067044,1791026964390
maloth.tejashwini1@ei.aeskills.in,1791022361806,1791022309000
maloth2@ei.aeskills.in,1791025125498,1791025055287
malothu.sathvika@ei.aeskills.in,1791043393019,1791026431000
mamta.k81@ei.aeskills.in,1791027826730,1791027720834
mamta.k84@ei.aeskills.in,1791031400836,1791031396598
mamta.rawat22@ei.aeskills.in,1791027969933,1791027965604
manan.dagdi@ei.aeskills.in,1791024451179,1791024390721
manaswini.mothe@ei.aeskills.in,1791020685319,1791020481473
manbhar.k2@ei.aeskills.in,1791036831629,1791036785606
manbhar.k5@ei.aeskills.in,1790996482279,1790996400000
manda.rashwika@ei.aeskills.in,,1791011987000
mandal.pradeep@ei.aeskills.in,1791021286973,1791021287975
mandala2@ei.aeskills.in,1791023831068,1791023663834
mandha.pranu@ei.aeskills.in,1791017155893,1791017156979
manekor.rakshith@ei.aeskills.in,1791016933518,1791016934493
manga1@ei.aeskills.in,1791020145487,1791019873000
manideepthi.kuntta@ei.aeskills.in,1791036287012,1791036169000
manish.bairwa3@ei.aeskills.in,1791004241397,1791004235840
manish.k134@ei.aeskills.in,1791013087071,1791013044982
manish.khuswa@ei.aeskills.in,1790999414261,1790999274000
manish0380216@ei.aeskills.in,1791029665296,1791019053576
manisha.bairwa5@ei.aeskills.in,1791006249184,1791006153366
manisha.dhakad1@ei.aeskills.in,1791004574016,1791004570604
manisha.gurjar2@ei.aeskills.in,1791031223210,1791031218206
manisha.k190@ei.aeskills.in,1790992827216,1790992788000
manisha.k208@ei.aeskills.in,1791014977123,1791014945526
manisha.k264@ei.aeskills.in,1791033177073,1791033175057
manisha.lodha@ei.aeskills.in,1791008299022,1791008219037
manisha.malavath@ei.aeskills.in,1791023346637,1791023316210
manitha.thati@ei.aeskills.in,1791036626522,1791036454000
manja.raju@ei.aeskills.in,1791007995946,1791007986416
manjula.boda@ei.aeskills.in,1791002245763,1791001565000
manne1@ei.aeskills.in,1791027036289,1791026908930
manohar.singh@ei.aeskills.in,1791029685111,1791029678143
manoj.midiyam@ei.aeskills.in,1791009026892,1791008947000
manojkumar.macha@ei.aeskills.in,1791010618265,1791010524840
mansingh.k@ei.aeskills.in,1791035955420,1791035952772
manu.manu3@ei.aeskills.in,1790997415012,1790997412518
manugonda.malleswari@ei.aeskills.in,1791009294423,1791009254488
manvi.k76@ei.aeskills.in,1791001439761,1791001435671
mariya038024@ei.aeskills.in,1791020588299,1791020441053
masapuram@ei.aeskills.in,1791022981155,1791022795439
mashvaveena.guguloth@ei.aeskills.in,1791008750328,1791008560396
mattela@ei.aeskills.in,1791019793109,1791019710864
mayank.banjara@ei.aeskills.in,1791001706222,1791001595578
mayank.lodha1@ei.aeskills.in,1791008471975,1791008413589
mayank.meena17@ei.aeskills.in,1791006623672,1791006541504
mayavti.kumari@ei.aeskills.in,1791037183098,1791037147228
meena.kumari53@ei.aeskills.in,1791033248997,1791033178801
meenakshi.banoth@ei.aeskills.in,1791017270816,1791016472000
meenubai.k@ei.aeskills.in,1791005543949,1791005500918
meera.khatik@ei.aeskills.in,1790995964822,1790995928858
megha.k2@ei.aeskills.in,1791004392160,1791004390262
meghana.vijja@ei.aeskills.in,1791016648960,1791016646340
mehar.k1@ei.aeskills.in,1791018158607,1791018155400
mehful.kathat@ei.aeskills.in,1790998691159,1790998688773
merupula.rakshitha@ei.aeskills.in,1791021709305,1791021618422
mesram.archana1@ei.aeskills.in,1791015918408,1791015374000
mesram.divyajyothi@ei.aeskills.in,1791016334405,1791016207000
mesram.janaki@ei.aeskills.in,1791024291527,1791024288504
methari1@ei.aeskills.in,1791016971147,1791016868000
methri@ei.aeskills.in,1791038671631,1791038597000
mhesh.meghwal@ei.aeskills.in,1791000216701,1791000113151
midiyam.anudeepika@ei.aeskills.in,1791035658333,1791035576112
midiyam.shesinithya@ei.aeskills.in,1791036169982,1791036092772
minakshi.k110@ei.aeskills.in,1791008455457,1791008450614
minakshi.kumari148@ei.aeskills.in,1791013559336,1791013456225
minakshi.mehar@ei.aeskills.in,1791017648261,1791017608427
minaxi.k3@ei.aeskills.in,1791019442462,1791019438692
mismithasri.a@ei.aeskills.in,1791039858460,1791039759505
mithyalekha.midiyam@ei.aeskills.in,1791028471393,1791028304000
mitrasri.u@ei.aeskills.in,1791041093653,1791040900425
mohammad.safwan4@ei.aeskills.in,1791005314306,1791005273183
mohan.eeka@ei.aeskills.in,1791025743771,1791025664860
mohan.jambula@ei.aeskills.in,1791037614898,1791037601000
mohan.korsa@ei.aeskills.in,1791021707127,1791021644758
mohit.k162@ei.aeskills.in,1791007978699,1791007943893
mohit.k163@ei.aeskills.in,1791010156823,1791010117852
mohit.k198@ei.aeskills.in,1791036277950,1791036273351
mohit.lodha@ei.aeskills.in,1791008662030,1791008599700
mohit.mehar1@ei.aeskills.in,1791030720979,1791030646687
mohmadahilrja.k@ei.aeskills.in,1790998120184,1790998061000
moinuddin.k2@ei.aeskills.in,1791025219895,1791025173642
mona.k6@ei.aeskills.in,1791031576887,1791031572847
monika.gurjar43@ei.aeskills.in,1790999828495,1790999824534
monika.megwal@ei.aeskills.in,1790998601480,1790998560405
monika.rawat38@ei.aeskills.in,1791001299984,1791001248789
monika.sen@ei.aeskills.in,1791004997534,1791004945003
montu.lodha@ei.aeskills.in,1791011465626,1791011396762
monu.rawat@ei.aeskills.in,1791020932859,1791020928260
mood.lovkya@ei.aeskills.in,1791033618856,1791033587665
mothe.aravind@ei.aeskills.in,1791016343921,1791016344953
mounika.jadhav2@ei.aeskills.in,1791023031629,1791022976780
muda.srivally@ei.aeskills.in,,1791019947492
mudavath.arpitha@ei.aeskills.in,1791012007824,1791011821270
mudavath.bhavana@ei.aeskills.in,1791011620235,1791011330173
mudavath.chowhan@ei.aeskills.in,1791048061547,1791048000000
mudavath.gayathri3@ei.aeskills.in,1791044800956,1791044726719
mudavath.keerthana3@ei.aeskills.in,1791043924764,1791026312000
mudavath.vanitha@ei.aeskills.in,1791021574987,1791021498000
mudavath4@ei.aeskills.in,1791026222842,1791026122000
mudhungla.spandana@ei.aeskills.in,1791018540368,1791018514352
mudu.sandhya@ei.aeskills.in,1791020745922,1791020637000
mundavar.niharika@ei.aeskills.in,1791018223755,1791018191576
muneshula.abhishek@ei.aeskills.in,1791024391785,1791024392784
munjam.bhanu@ei.aeskills.in,1791023620389,1791023621425
muskan.bairwa14@ei.aeskills.in,1791015324043,1791015160822
muskan.bheel9@ei.aeskills.in,1790993733890,1790993681000
muskan.k158@ei.aeskills.in,1791003322346,1791003289816
muskan.meena34@ei.aeskills.in,1791002623811,1791002589989
muskan.meghwal10@ei.aeskills.in,1791009667620,1791009639306
muskan.suman7@ei.aeskills.in,1791001463428,1791001434196
mustyala@ei.aeskills.in,1791037362428,1791037280000
muthi.mounasri@ei.aeskills.in,1791034951972,1791034541000
muthi.pravanthika@ei.aeskills.in,1791035132222,1791035006000
muyyaboina.sanjana@ei.aeskills.in,1791020960780,1791020832000
mysa.hari@ei.aeskills.in,1791021052452,1791021053503
mythili.vadithya@ei.aeskills.in,1791023972389,1791023720486
nadimidoddi.tharun97@ei.aeskills.in,1791004855459,1791004757403
nafisa.k5@ei.aeskills.in,1791014980160,1791014933509
nagachaithanya.sunnam@ei.aeskills.in,1791010751379,1791010680043
nagampeta.snehavarsha@ei.aeskills.in,,1791010254000
nagasri.kukkala@ei.aeskills.in,1791007671133,1791007370317
nagasrijyothi.k@ei.aeskills.in,1791040099132,1791039965856
nageshwari.k1@ei.aeskills.in,1791024313541,1791023741382
nageshwari.kova@ei.aeskills.in,1791038104004,1791037496973
naik.katravathvijay@ei.aeskills.in,1791036499150,1791036358000
naina.k57@ei.aeskills.in,1791003566177,1791003566000
naine.meena@ei.aeskills.in,1791023547777,1791023496404
naista.bee@ei.aeskills.in,1791028145831,1791028099977
naitik.lodha1@ei.aeskills.in,1791018515314,1791018431045
naitik.lodha2@ei.aeskills.in,1791037242579,1791037199930
najil.khan2@ei.aeskills.in,1791033586046,1791033531506
najiya.kathat@ei.aeskills.in,1791027770097,1791027766063
namonarayan0380212@ei.aeskills.in,1791026903627,1791026696502
nandani.k22@ei.aeskills.in,1791030196982,1791030137000
nandhavardhan.kondru@ei.aeskills.in,1791009782896,1791009713891
nandhini.athram1@ei.aeskills.in,1791039115229,1791038765000
nandini.bairwa@ei.aeskills.in,1791005483507,1791005402227
nandini.d5@ei.aeskills.in,1791039449646,1791038896428
nandipata.vinny@ei.aeskills.in,1791023612188,1791023472000
nandni.bairwa1@ei.aeskills.in,1790991942982,1790991898000
nandni.kumari50@ei.aeskills.in,1791029530428,1791029469380
nandni.kumari51@ei.aeskills.in,1791023278669,1791023274739
nani.kaka@ei.aeskills.in,1791016796207,1791016766314
naraaj.rawat@ei.aeskills.in,1791001454873,1791001449764
naraj.gurjar21@ei.aeskills.in,1791029896674,1791029892104
naraj.k10@ei.aeskills.in,1791020447498,1791020401271
naraj.k25@ei.aeskills.in,1791035338192,1791035335197
naraj.regar@ei.aeskills.in,1790997963262,1790997959100
naraz.gurjar1@ei.aeskills.in,1791027419147,1791027415357
naresh.katravath@ei.aeskills.in,1791040256174,1791040204926
naresh.kosgi@ei.aeskills.in,1791038336004,1791038317000
naresh.kunsoth@ei.aeskills.in,1791012870624,1791012765635
naresh.salavath@ei.aeskills.in,1791008668111,1791008511862
naresh.singh5@ei.aeskills.in,1791001650875,1791001603021
nasib.bheel@ei.aeskills.in,1791009427092,1791009379448
natik.kumar16@ei.aeskills.in,1791008359006,1791008344638
naval.bheel@ei.aeskills.in,1791017256548,1791017191662
navaneeth.soyam@ei.aeskills.in,1791019209221,1791019171982
naveen.k53@ei.aeskills.in,1791019173394,1791019077708
naveen.kumar132@ei.aeskills.in,1791038284884,1791038143932
naveen.kumar167@ei.aeskills.in,1791036758686,1791036651937
naveeth.vasam@ei.aeskills.in,1791027936484,1791027900650
navin.bheel@ei.aeskills.in,1791019613364,1791019584943
navya.dhakad1@ei.aeskills.in,1791029652456,1791029586000
navya.sharma42@ei.aeskills.in,1791008006825,1791007994264
navyasri.korem@ei.aeskills.in,1791030633192,1791030440000
nayra.meena@ei.aeskills.in,1791002931934,1791002899990
nayra.yogi@ei.aeskills.in,1791019514765,1791019489607
neelu.k3@ei.aeskills.in,1791001595344,1791001557089
neerati@ei.aeskills.in,1791023515372,1791023433000
neetiraj.bheel@ei.aeskills.in,1791017915123,1791017884153
neetu.k40@ei.aeskills.in,1791015218181,1791015158509
neha.khushwa@ei.aeskills.in,1791007575762,1791007540398
neha.kumari588@ei.aeskills.in,1791005143641,1791005103000
neha.lodha4@ei.aeskills.in,1791019348661,1791019312137
neha.pawar6@ei.aeskills.in,1791019187436,1791019116000
neklesh106@ei.aeskills.in,1791016418750,1791015309000
nenavath.karthik4@ei.aeskills.in,1791006990966,1791006975147
nenavath.mahendhar@ei.aeskills.in,1790999967255,1790999525000
nenavath.ramesh@ei.aeskills.in,,1791038555000
nenavath.sri@ei.aeskills.in,1791048299598,1791048253888
neraj.k@ei.aeskills.in,1791025549667,1791025546092
nidhi.k55@ei.aeskills.in,1791011967691,1791011341465
niharika.guguloth2@ei.aeskills.in,1791017420570,1791017195613
niharika.kondru@ei.aeskills.in,1791041064443,1791040991000
niharika.tholem@ei.aeskills.in,1791026616844,1791026509000
nikhil.k60@ei.aeskills.in,1791025231714,1791025185192
nikhil.kotnak@ei.aeskills.in,1791033427607,1791033338669
nikhil.nagar2@ei.aeskills.in,1791002777749,1791002749464
nikhil.penugonda@ei.aeskills.in,1791019056143,1791019013463
nikki107@ei.aeskills.in,1791016651398,1791016558779
niklesh.lodha@ei.aeskills.in,1791034743673,1791034684784
nilam.k6@ei.aeskills.in,1791004016784,1791004015011
nimma.devasri@ei.aeskills.in,1791019729108,1791019629736
nimma@ei.aeskills.in,1791019331223,1791019240638
niranjan.rathod1@ei.aeskills.in,1791037504851,1791037422000
nirati1@ei.aeskills.in,1791026071478,1791025985000
nirati@ei.aeskills.in,1791025524959,1791025445000
nirmal.singh16@ei.aeskills.in,1791012720948,1791012679545
nirmla.k8@ei.aeskills.in,1791028051786,1791028013993
nisha.banjara5@ei.aeskills.in,,1791013517772
nisha.k201@ei.aeskills.in,1791027861989,1791027858763
nisha.kumari427@ei.aeskills.in,1791012180512,1791012140487
nisha.lodha19@ei.aeskills.in,1791034698989,1791034621397
nisha.rawat45@ei.aeskills.in,1791026131372,1791026124313
nisha.rawat49@ei.aeskills.in,1791007726481,1791007726000
nisha.tawar@ei.aeskills.in,1790997625497,1790997504000
nisha108@ei.aeskills.in,1791017356240,1791017186835
nishanth.komaram@ei.aeskills.in,1791018060724,1791018029999
nishanthkumar.kankapolla@ei.aeskills.in,1791038561321,1791038545000
nitesh.bairwa5@ei.aeskills.in,1791003521471,1791003464209
nitesh.k49@ei.aeskills.in,1790996960421,1790996890701
nitesh.k53@ei.aeskills.in,1791003954159,1791003901402
nitesh.k58@ei.aeskills.in,1791011611096,1791011574328
nitesh.lodha5@ei.aeskills.in,1791020634787,1791020602483
nithesh.kethavath@ei.aeskills.in,,1790996461000
nithin.bhukya@ei.aeskills.in,1791023869294,1791023832936
nithin.mudavath3@ei.aeskills.in,1791037244446,1791037161000
nithin.nenavath1@ei.aeskills.in,1791038209967,1791038191000
nithin.sabavath2@ei.aeskills.in,1791041382402,1791041310000
nithin.sambari@ei.aeskills.in,1791021960464,1791021901760
nithyasri.dharavath@ei.aeskills.in,1791015479905,1791015311273
nitika078022@ei.aeskills.in,1791008673389,1791008670069
nitin.bheel@ei.aeskills.in,1791015736757,1791015704348
norat.gurjar4@ei.aeskills.in,1791012040436,1791012035241
nunavath.deekshitha@ei.aeskills.in,,1791011598000
nunavath.sriveni@ei.aeskills.in,1791025875340,1791025778000
nupa.swathi@ei.aeskills.in,1791030587663,1791030544810
omkar.banoth@ei.aeskills.in,1791023496685,1791023424460
omprakash.bairwa4@ei.aeskills.in,1791024261247,1791024205644
oom.gurjar@ei.aeskills.in,1791008841364,1791008829826
padham.lashya@ei.aeskills.in,1791009362566,1791009293000
palak.meena13@ei.aeskills.in,1791001287692,1791001230243
palak.nogiya@ei.aeskills.in,1791015475749,1791015437313
palak.sharma49@ei.aeskills.in,1791015287528,1791015223792
pallavi.varsha@ei.aeskills.in,1791025919805,1791025915025
palthya.vijay@ei.aeskills.in,1791019411910,1791019384978
paltiya.nikshitha@ei.aeskills.in,1791026869146,1791026853295
pambala1@ei.aeskills.in,1791039132373,1791039055000
pankaj.k108@ei.aeskills.in,1790993438202,1790993384000
pankaj.k114@ei.aeskills.in,1791018506210,1791018459422
pankaj.lodha@ei.aeskills.in,1791008872986,1791008812695
pankej.singh@ei.aeskills.in,1791004736076,1791004674966
pari.bano2@ei.aeskills.in,1791008998444,1791008932676
pari.k99@ei.aeskills.in,1791023325910,1791023287000
pari.kumari53@ei.aeskills.in,1791035701406,1791035657885
pariya.k1@ei.aeskills.in,1791002459934,1791002457675
parnita.lodha@ei.aeskills.in,1791009078173,1791009008708
parshika.jaswitha@ei.aeskills.in,1791023505651,1791023386000
parshika.nandhitha@ei.aeskills.in,1791028894088,1791028823000
parwati.kumari12@ei.aeskills.in,1791036658214,1791036611496
pathloth.rakesh@ei.aeskills.in,1791021139231,1791021078000
pavan.sodi@ei.aeskills.in,1791016310540,1791016272224
pavankumar.banoth@ei.aeskills.in,1791019194535,1791019149655
pavankumar.megavath1@ei.aeskills.in,1791025982139,1791025933505
pavithra.bhukya2@ei.aeskills.in,1791013621844,1791013431606
pawan.bheel5@ei.aeskills.in,1791008248119,1791008192303
pawan.lodha2@ei.aeskills.in,1791020479276,1791020429607
pawan.meena5@ei.aeskills.in,1791020165162,1791020114591
pawan.nagar2@ei.aeskills.in,1791029493251,1791029442000
payal.bairwa10@ei.aeskills.in,1791008220351,1791008217096
payal.bairwa17@ei.aeskills.in,1790996098003,1790996041000
payal.bheel15@ei.aeskills.in,1791008421829,1791008373056
payal.gurjar17@ei.aeskills.in,1791029295322,1791029285144
payal.jahav@ei.aeskills.in,1791022402035,1791022332550
payal.k129@ei.aeskills.in,1791028309865,1791028276965
payal.k220@ei.aeskills.in,1791021143985,1791021027142
payal.k241@ei.aeskills.in,1791029972532,1791029911000
payal.kumari262@ei.aeskills.in,1791005767274,1791005660849
payal.lodha12@ei.aeskills.in,1791013837032,1791013799728
payal.lodha2@ei.aeskills.in,1790999887964,1790999864855
payal.lodha8@ei.aeskills.in,1791035882601,1791035808800
payal.rawat86@ei.aeskills.in,1790999891658,1790999443478
payal.sahu11@ei.aeskills.in,1791029063021,1791029056038
payal.varma2@ei.aeskills.in,1791008104177,1791008075168
payal0840163@ei.aeskills.in,1791012830150,1791012769807
payal3661@ei.aeskills.in,1791007563493,1791007513891
payam.bhavyasri@ei.aeskills.in,1791037439583,1791037217140
payam.nageswari@ei.aeskills.in,1791013278145,1791013184000
payam.ramysri@ei.aeskills.in,1791020523631,1791020371068
payam.srivani@ei.aeskills.in,1791005286084,1791005150000
peddmallani@ei.aeskills.in,1791023158451,1791023070329
penchala.rishwith@ei.aeskills.in,1791034343841,1791034344771
penuballi.arishma@ei.aeskills.in,1791007674656,1791007569226
perugu1@ei.aeskills.in,1791027468335,1791027393000
peruka.shiva@ei.aeskills.in,1791019620277,1791019620958
pinki.rawat3@ei.aeskills.in,1791028945100,1791028941329
piteswrarao.murram@ei.aeskills.in,1791019920675,1791019870514
pitla2@ei.aeskills.in,1791039288512,1791039225000
piyush.kumar304@ei.aeskills.in,1791028455886,1791028398000
piyush.megwal1@ei.aeskills.in,1791030524337,1791030444000
piyush.mehra2@ei.aeskills.in,1791034718322,1791031440416
piyush.vishvkarma@ei.aeskills.in,1791029357945,1791029302000
poja.veshnav@ei.aeskills.in,1791000203273,1791000176015
poleboina.prasanna@ei.aeskills.in,1791018639633,1791018606237
pooja.gedam1@ei.aeskills.in,1791038979830,1791038642000
pooja.k181@ei.aeskills.in,1791017190593,1791017100000
pooja.k331@ei.aeskills.in,1791031951371,1791031895644
pooja.k98@ei.aeskills.in,1791037513378,1791037475362
pooja.khatik@ei.aeskills.in,1791008132682,1791008064806
pooja.khushwah@ei.aeskills.in,1790999013741,1790998962388
pooja.kumari259@ei.aeskills.in,1791004895514,1791004853373
pooja.kumari363@ei.aeskills.in,1791014414450,1791014359213
pooja.t4@ei.aeskills.in,1791044579528,1791044473781
pooja.tawar@ei.aeskills.in,1790997159192,1790997095585
pooja038028@ei.aeskills.in,1791022903312,1791022856660
poonam.k119@ei.aeskills.in,1791028928879,1791028864000
poonamchand.kumar@ei.aeskills.in,1791027545895,1791027317098
prachi.goswami1@ei.aeskills.in,1790999838546,1790999753000
pradeep.bheel1@ei.aeskills.in,1791005605761,1791005599216
pradeep.gurjar5@ei.aeskills.in,1791008680719,1791008654577
pradeep.sonde@ei.aeskills.in,1791015147473,1791015106330
pradhuman.k@ei.aeskills.in,1791029675245,1791029622000
pradip.k2@ei.aeskills.in,1791021667113,1791021623779
pradip.k4@ei.aeskills.in,,1791037890284
pranavi.kannaboina@ei.aeskills.in,1791035038370,1791034509000
pranavi.vage@ei.aeskills.in,1791026431983,1791026346000
pranaya.korthi@ei.aeskills.in,1791023663088,1791023580103
praneeth.korsa@ei.aeskills.in,1791012284626,1791012244911
pranitha.kosirla@ei.aeskills.in,1791023718162,1791023667534
prasanna.esam@ei.aeskills.in,1791029857748,1791025886000
prashanth.apaka@ei.aeskills.in,1791022491172,1791022247558
prashanth.banoth@ei.aeskills.in,1791023612624,1791023574337
prashanth.midiyam@ei.aeskills.in,1791007866217,1791007786886
prashanth.sabavath2@ei.aeskills.in,1791041131506,1791041088432
prashika.sadhvika@ei.aeskills.in,1791028773501,1791028705000
prathamesh.sabavath@ei.aeskills.in,1791035971919,1791035895000
prathyusha.burri@ei.aeskills.in,1791011987509,1791011988556
pratigya.bairwa4@ei.aeskills.in,1791001579480,1791001572381
pratigya.bheel5@ei.aeskills.in,1791014099343,1791014041164
pratigya.k31@ei.aeskills.in,1791009879004,1791009820392
pratigya.lodha5@ei.aeskills.in,1791000637503,1791000601204
pratik.nagar1@ei.aeskills.in,1791029045270,1791028996000
pratiksha.k13@ei.aeskills.in,1791014025560,1791013669000
pratyush.shaky@ei.aeskills.in,1791005364468,1791005248266
pravalika.parshika@ei.aeskills.in,1791029609670,1791029560000
praveen.laudya@ei.aeskills.in,1791035424970,1791035413000
praveenkumar.k5@ei.aeskills.in,1790991217683,1790991165173
pravin.soni@ei.aeskills.in,1790996285029,1790996246914
prem.mudavath@ei.aeskills.in,1791039971515,1791039955000
prince.jaga@ei.aeskills.in,1791021498535,1791021461459
prince.lodha4@ei.aeskills.in,1791003942207,1791003938681
prinsh.meena2@ei.aeskills.in,1791012907250,1791012803234
prish.kumar1@ei.aeskills.in,1791008705029,1791008690989
prithvi.nogiya@ei.aeskills.in,1791024960532,1791024865119
priti.k52@ei.aeskills.in,1791036709781,1791036706476
priti.khushwah@ei.aeskills.in,1791001755141,1791001691117
priya.bheel7@ei.aeskills.in,1791012002232,1791011887677
priya.k187@ei.aeskills.in,1791022985218,1791022917082
priya.k190@ei.aeskills.in,1791020965000,1791020932355
priya.k193@ei.aeskills.in,1791028044927,1791028041955
priya.kumari387@ei.aeskills.in,1791027770228,1791027659799
priya.kumari445@ei.aeskills.in,1791017814277,1791017776571
priya.lodha1@ei.aeskills.in,1791006171603,1791006169589
priyamani.rathod@ei.aeskills.in,1791038475221,1791038395000
priyanka.banoth4@ei.aeskills.in,1791017570751,1791017448000
priyanka.bheel7@ei.aeskills.in,1790990937021,1790990894590
priyanka.k235@ei.aeskills.in,1791004523378,1791004457844
priyanka.k272@ei.aeskills.in,1791034696188,1791034693331
priyanka.khushwah@ei.aeskills.in,1791000642519,1791000594544
priyanka.kodapa@ei.aeskills.in,1791038670669,1791038481000
priyanka.meena16@ei.aeskills.in,1791023892577,1791023844216
priyanka.mehar2@ei.aeskills.in,1790995362833,1790995328965
priyanka.nagar1@ei.aeskills.in,1791008699584,1791008696160
priyanka038026@ei.aeskills.in,1791022007096,1791021891333
priyanshi.k29@ei.aeskills.in,1791001960169,1791001960000
priyanshi.khushwah@ei.aeskills.in,1790998721563,1790998691268
priyavarshini.thati@ei.aeskills.in,1791041710648,1791041655000
pucha.devebdra@ei.aeskills.in,1791030253206,1791030225782
pukhraj.gurjar7@ei.aeskills.in,1791013416290,1791013409473
punam.k23@ei.aeskills.in,1791023467304,1791023416000
punam0380224@ei.aeskills.in,1791032100615,1791032047078
punam110@ei.aeskills.in,1791017809188,1791017728582
puneet.mehra@ei.aeskills.in,1791003759718,1791003757111
punem.anitha@ei.aeskills.in,1791029616035,1791029548000
punem.anjali@ei.aeskills.in,1791028487267,1791028408000
puran.bheel1@ei.aeskills.in,1791011976510,1791011913464
pushpendra.singh7@ei.aeskills.in,1791030263527,1791030260381
rabiya.bee3@ei.aeskills.in,1791029815076,1791029775927
rachna.kumari36@ei.aeskills.in,1791001695297,1791001679774
radha.k90@ei.aeskills.in,1790992069936,1790992031000
radha.k94@ei.aeskills.in,1791005028254,1791004981498
radha.radha3@ei.aeskills.in,1791032227726,1791032187942
radhesyam.pancal@ei.aeskills.in,1791010464127,1791010393123
radhika.gurjar25@ei.aeskills.in,1791010240581,1791010235743
radhika.gurjar26@ei.aeskills.in,1791009529637,1791009525577
radhika.k235@ei.aeskills.in,1790999448867,1790999418146
radhika.k243@ei.aeskills.in,1791004854365,1791004748534
radhika.k252@ei.aeskills.in,1791019733143,1791019652028
radhika.k261@ei.aeskills.in,1791003874506,1791003867283
radhika.lavudya@ei.aeskills.in,1791003522745,1791003506000
radhika.lodha5@ei.aeskills.in,1791004744681,1791004741039
radhika.rawat10@ei.aeskills.in,1791018791688,1791018773164
radhika.rawat12@ei.aeskills.in,1791030416181,1791030412997
radhika0380219@ei.aeskills.in,1791030171832,1791030097701
radhika755@ei.aeskills.in,1791011323531,1791011256000
raghuveer.lodha@ei.aeskills.in,1791008204516,1791008199547
ragini.k25@ei.aeskills.in,1791029814576,1791029768000
rahul.bhil15@ei.aeskills.in,1791000986433,1791000985306
rahul.gurjar20@ei.aeskills.in,1790998772263,1790998773876
rahul.gurjar24@ei.aeskills.in,1791011325606,1791011320116
rahul.gurjar36@ei.aeskills.in,1791017701400,1791017662270
rahul.lodha4@ei.aeskills.in,1791019202044,1791019163603
raipalli@ei.aeskills.in,1791018590521,1791018507497
raj.k44@ei.aeskills.in,1791013951401,1791013918231
raj.kumari38@ei.aeskills.in,1791035419191,1791035365969
raj078024@ei.aeskills.in,1791012526303,1791012522992
raja.madivi@ei.aeskills.in,1791007545735,1791007454330
rajendra.k20@ei.aeskills.in,1791023951229,1791023948656
rajendra.lodha2@ei.aeskills.in,1791020001294,1791019948429
rajendra.singh16@ei.aeskills.in,1791001983780,1791001960359
rajendra.singh17@ei.aeskills.in,1791029392058,1791029386029
rajesh.banjara@ei.aeskills.in,1791013239081,1791013108558
rajesh.k50@ei.aeskills.in,1791001841443,1791001795473
rajesh.sapaka@ei.aeskills.in,1791022303801,1791022249408
rajini.kalaboina@ei.aeskills.in,1791025080954,1791025076502
rajkumar.kumar9@ei.aeskills.in,1791037064446,1791037008819
rajkumar038023@ei.aeskills.in,1791017749567,1791017369165
rajnesh.gurjar@ei.aeskills.in,1791007604695,1791007592977
raju.midiyam@ei.aeskills.in,1791024476422,1791024429286
raju.singh7@ei.aeskills.in,1791011248149,1791011245001
rajveer.gurjar14@ei.aeskills.in,1791029655519,1791029652317
rajveer.k54@ei.aeskills.in,1791028131411,1791028131000
rajveer.khushwah@ei.aeskills.in,1790998866799,1790998825479
rajveer.methar@ei.aeskills.in,1791007775671,1791007761368
rajveer.prajapat2@ei.aeskills.in,1791002966870,1791002962330
rajveer.singh312@ei.aeskills.in,1791006925321,1791006924990
rajwan.khan@ei.aeskills.in,1791014081674,1791014002147
rajyalaxmi.dharavath@ei.aeskills.in,,1791001540413
rakesh.gorre@ei.aeskills.in,1791027132323,1791027095140
rakesh.jatavath@ei.aeskills.in,1791039873117,1791039840000
rakesh.nenavath@ei.aeskills.in,1791026422810,1791026394515
rakesh.rathod3@ei.aeskills.in,1791038127366,1791038023000
rakesh.sheelam@ei.aeskills.in,1791028916982,1791028886365
rakshita.meena6@ei.aeskills.in,1791008595015,1791008579701
rakshita.raksita@ei.aeskills.in,1791031035863,1791031032992
ram.banoth@ei.aeskills.in,1791023730097,1791023688141
ram.k14@ei.aeskills.in,1791004292374,1791004251237
ram.k15@ei.aeskills.in,1791022021425,1791021924321
ram.kunja@ei.aeskills.in,1791016999402,1791016965887
rama.kavya@ei.aeskills.in,1791013357001,1791013353822
rama.ramapeer@ei.aeskills.in,1791038621534,1791038570000
raman.regar@ei.aeskills.in,1791027083836,1791027014208
ramavath.akshitha1@ei.aeskills.in,1791018485102,1791018402567
ramavath.charan13@ei.aeskills.in,,1791020096000
ramavath.deekshitha1@ei.aeskills.in,1791046567032,1791046514445
ramavath.sindhu11@ei.aeskills.in,1791047723219,1791047661000
ramavath.sreevigna@ei.aeskills.in,1791021888736,1791021774000
ramcharan.katroth@ei.aeskills.in,1791041722068,1791041682428
ramcharan.maloth1@ei.aeskills.in,1791025651770,1791025608704
ramcharan.siripangi@ei.aeskills.in,1791042800009,1791042716558
ramcharan.vasam@ei.aeskills.in,1791021933923,1791021790816
ramdayal.meena@ei.aeskills.in,1790999191043,1790999168627
ramesh.ramavath@ei.aeskills.in,1791039125154,1791039007000
ramnayan.ramnarayan@ei.aeskills.in,,1791024392611
ramsevak.aadivashi@ei.aeskills.in,1791007456827,1791007398003
ramswaroop.k5@ei.aeskills.in,1791018652110,1791018622558
ramu.sodi@ei.aeskills.in,1791019410310,1791019372285
ranjeet.bairwa@ei.aeskills.in,1790991346339,1790991301000
ranjithkumar.punem@ei.aeskills.in,1791008542010,1791008465255
rasa.ku@ei.aeskills.in,1791023587289,1791023436556
rasa1@ei.aeskills.in,1791018858332,1791018736226
rashi.k31@ei.aeskills.in,1791005793784,1791005761125
rashi.rawat4@ei.aeskills.in,1791025529705,1791025523716
rathnala.shivateja@ei.aeskills.in,1791020271865,1791020272977
rathod.archana3@ei.aeskills.in,1791005028322,1791004844000
rathod.laxman@ei.aeskills.in,,1791041605000
rathod.sandeep7@ei.aeskills.in,1791006699231,1791006683687
rathod.sriram4@ei.aeskills.in,1791039725963,1791039678000
ravi.k71@ei.aeskills.in,1791010508616,1791010402456
ravi.k76@ei.aeskills.in,1791028782991,1791028724000
ravi.meena15@ei.aeskills.in,1791026788180,1791026749014
ravi.singh111@ei.aeskills.in,1791015678571,1791015623566
ravi.singh42@ei.aeskills.in,1791030222926,1791030220018
ravikishan.kumar4@ei.aeskills.in,,1791016435703
ravindar.dhakad@ei.aeskills.in,1791026833854,1791026782000
ravinder.kindigeri@ei.aeskills.in,1791037065850,1791037036000
ravindra.kumar21@ei.aeskills.in,1791047395218,1791047352849
ravindra.lodha1@ei.aeskills.in,1791005194780,1791005192026
ravindra.lodha2@ei.aeskills.in,1791009266334,1791009207685
reehna.k@ei.aeskills.in,1790993088430,1790993034000
reena.k25@ei.aeskills.in,1790991060296,1790991018156
reena.rawat7@ei.aeskills.in,1791015926173,1791015807115
regunta.siddarth@ei.aeskills.in,1791018897527,1791018898522
rehan.k34@ei.aeskills.in,1791035783598,1791035780694
renuka.amgothu@ei.aeskills.in,1791002276474,1791002201885
renuka.k16@ei.aeskills.in,1791003730501,1791003726698
renuma.bee@ei.aeskills.in,1791011307109,1791011264536
revathi.seelam@ei.aeskills.in,,1791018976163
revelli.rishitha@ei.aeskills.in,1791046102129,1791046028153
rijwan.khan14@ei.aeskills.in,1791014650234,1791014602853
rikki.meena@ei.aeskills.in,1791020378703,1791020326930
rinku.bheel1@ei.aeskills.in,1791024475876,1791024405292
rinku.kumari33@ei.aeskills.in,1791009027538,1791009017442
rinku.rawat18@ei.aeskills.in,1791000255788,1791000207197
rinku.singh2@ei.aeskills.in,1791001116425,1791001056075
rishi.badisa@ei.aeskills.in,1791023611126,1791023563630
rishi.kode@ei.aeskills.in,1791028707871,1791028674303
rishi.kommaram@ei.aeskills.in,1791024910890,1791024774617
rishi.midiyam@ei.aeskills.in,1791016703175,1791016675930
rishik.varsa@ei.aeskills.in,1791023217560,1791023167782
rishika.banoth@ei.aeskills.in,1791024571430,1791024386159
rishika.rathod1@ei.aeskills.in,1791019879048,1791019773099
rishitha.2@ei.aeskills.in,1791011425655,1791011026000
risika.meghwal@ei.aeskills.in,1791001079292,1791000997203
ritesh.lodha@ei.aeskills.in,1791006528670,1791006523707
ritik.kumar176@ei.aeskills.in,1791047582749,1791047550378
ritik.kumar177@ei.aeskills.in,1791009427210,1791009400364
ritik0840164@ei.aeskills.in,1791013012779,1791012962346
ritika.lodha2@ei.aeskills.in,1791011099808,1791011058842
riya.kumari389@ei.aeskills.in,1791029159089,1791029075447
rohan.banjara@ei.aeskills.in,1791006192715,1791005965908
rohit.gurjar17@ei.aeskills.in,1791007823890,1791007818128
rohit.k003@ei.aeskills.in,1791029539807,1791029478000
rohit.k004@ei.aeskills.in,1791030119765,1791030046000
rohit.k22382@ei.aeskills.in,1791005049840,1791005010520
rohit.k640@ei.aeskills.in,1791035660816,1791035657519
rohit.kumar116@ei.aeskills.in,1790999476863,1790999295361
rohit.kumar706@ei.aeskills.in,1791010658371,1791010609232
rohit.singh52@ei.aeskills.in,1791005739747,1791005697880
rohit.singh53@ei.aeskills.in,1791001480016,1791001436622
rohith19@ei.aeskills.in,1791018017346,1791018012978
ronak.khan3@ei.aeskills.in,1791015135427,1791015104973
ronak.rawat@ei.aeskills.in,1791023579774,1791023576515
roshan.meena@ei.aeskills.in,1791003836098,1791003805885
rubina.k15@ei.aeskills.in,1791026518512,1791026476872
rushitha.mudigonda@ei.aeskills.in,1791007338496,1791007333128
ruthvika.banoth@ei.aeskills.in,1791016054459,1791016049965
saad.khan8@ei.aeskills.in,1791033843956,1791033803882
sabavat.mansingh@ei.aeskills.in,1791021279647,1791021272021
sabavat.nithin1@ei.aeskills.in,1791024626516,1791024597000
sabeeya.bee@ei.aeskills.in,1791034158806,1791034117489
sabhavath.vaishnavi@ei.aeskills.in,1791047119375,1791047059000
sabhavath@ei.aeskills.in,1791028019866,1791027944000
sachin.kumar237@ei.aeskills.in,1791009714706,1791009617213
sachin.lohar1@ei.aeskills.in,1791007351846,1791007352000
sachin.mudavath@ei.aeskills.in,1791036776124,1791036643000
sachin.vadthya@ei.aeskills.in,1791039829826,1791039783000
sachin0840159@ei.aeskills.in,1791011507474,1791011430391
sadiya.k10@ei.aeskills.in,1791025331514,1791025272253
sadiyam.vyshnavi@ei.aeskills.in,1791009570876,1791009435000
sagar.singh28@ei.aeskills.in,1791028231253,1791028224306
sagar.suman1@ei.aeskills.in,1791015564754,1791015361300
sagarika.vangaboina@ei.aeskills.in,1791010430604,1791010277171
sahil.meena10@ei.aeskills.in,1791003259111,1791003238677
sahithi.2@ei.aeskills.in,1791011022279,1791010691907
sahithi.putta@ei.aeskills.in,1791037606375,1791037383072
sai.dubba@ei.aeskills.in,1791042137214,1791042080643
saicharan.lavudya@ei.aeskills.in,1791039389199,1791039372000
saikiran.pabugalla@ei.aeskills.in,1791040803896,1791040787000
saikuaryadav.musti@ei.aeskills.in,1791038450381,1791038433000
saikumar.a@ei.aeskills.in,1791036083989,1791035636860
saimeghana.jadi@ei.aeskills.in,1791023262563,1791023224756
saini.akshay@ei.aeskills.in,1791022439188,1791022440227
sainityasri.sode@ei.aeskills.in,1791030303626,1791029951000
saiprasannakumar.punem@ei.aeskills.in,1791022913836,1791022724771
saipriya.rathod1@ei.aeskills.in,1791012703027,1791012548774
sairam.vagaboina@ei.aeskills.in,1791023143531,1791022988952
saiteja.punem@ei.aeskills.in,1791007009110,1791006910255
saivardhan.karam@ei.aeskills.in,1791018987535,1791018901721
saivardhan.soyam@ei.aeskills.in,1791022715925,1791022645087
sakshi.kumari387@ei.aeskills.in,1791011201845,1791011130345
sakshi.meena12@ei.aeskills.in,1791022330930,1791022230136
salma.shaik1@ei.aeskills.in,1791024296920,1791024054559
salman.k14@ei.aeskills.in,1791036489948,1791036485872
samantha.kunja1@ei.aeskills.in,1791029076473,1791028919000
samarat.gurjar@ei.aeskills.in,1791017893348,1791017779000
sameera.puli@ei.aeskills.in,1791025089928,1791024611000
samiksha.kumram@ei.aeskills.in,1791023774598,1791023727174
sammera.banoth@ei.aeskills.in,1791003270680,1791003253000
sampati.rawat1@ei.aeskills.in,1791016365584,1791016293863
samyuktha.janampally@ei.aeskills.in,1791013938980,1791013884000
sanam.meena@ei.aeskills.in,1791005849529,1791005703474
sandeep.bhil@ei.aeskills.in,1791025503399,1791023107000
sandeep.k50@ei.aeskills.in,1791018487463,1791018459000
sandeep.micha@ei.aeskills.in,1791024742785,1791024699770
sandhya.jadhav@ei.aeskills.in,1791021751610,1791021663405
sandhya.sandhya6@ei.aeskills.in,1791028823452,1791028780008
sandya.arka@ei.aeskills.in,1791021429728,1791021367757
saneha.k6@ei.aeskills.in,1791027894906,1791027831000
sangeeta.k23@ei.aeskills.in,1791000897127,1791000850000
sangeetha.banoth1@ei.aeskills.in,1791017934464,1791017670607
sangeetha.vankudoth@ei.aeskills.in,1791014371483,1791014104655
saniya.k67@ei.aeskills.in,1791026197030,1791026119000
sanjana.bhuma@ei.aeskills.in,1791009146769,1791009013740
sanjay.burka@ei.aeskills.in,1791026555203,1791026520733
sanjay.kursam@ei.aeskills.in,1791022466392,1791022366239
sanjay.singh6@ei.aeskills.in,1791002608826,1791002548943
sanjeev.gurjar@ei.aeskills.in,1791009103330,1791009099706
sanjna.kumari40@ei.aeskills.in,1791029991115,1791029953570
sanjna.rawat7@ei.aeskills.in,1791024334536,1791024330603
sanju.bai2@ei.aeskills.in,1791035682422,1791035632738
sanju.rawat11@ei.aeskills.in,1791009209278,1791009096569
sanju.rawat9@ei.aeskills.in,1791028601065,1791028597263
sankeerthana.chandhampet@ei.aeskills.in,1791023339478,1791023088427
santara.rawat@ei.aeskills.in,1791029873608,1791029869505
santhosh.bhukya3@ei.aeskills.in,,1791027518751
santhosh.kalluri@ei.aeskills.in,1791009651831,1791009599631
santhoshbunny.borra@ei.aeskills.in,1791024080246,1791023783937
santosh.bairwa@ei.aeskills.in,1790994396852,1790994347000
santram.k@ei.aeskills.in,1791017739751,1791017684000
sanwik.pusam@ei.aeskills.in,1791011156673,1791011128004
sapana.kumari22@ei.aeskills.in,1791036083021,1791036033354
sapana.rawat@ei.aeskills.in,1791030424614,1791030421163
sapka.tejasri@ei.aeskills.in,1791013100344,1791013033000
sapna.k110@ei.aeskills.in,1791009342736,1791009339120
sapna.k65@ei.aeskills.in,1791009261579,1791009227480
sapna.rawat28@ei.aeskills.in,1791004219288,1791004137795
sara.bano6@ei.aeskills.in,1791000215741,1791000214237
saraswathi.bhukya1@ei.aeskills.in,1791020172403,1791020051316
saraswathi.bijja@ei.aeskills.in,,1791037106000
saraswathi.tejavath@ei.aeskills.in,1791021568921,1791013674050
sarika.damami@ei.aeskills.in,1791000491614,1791000491000
sarita.bai1@ei.aeskills.in,1791033901730,1791033865997
sarita.regar@ei.aeskills.in,1790996870384,1790996856751
sariyam.yriveni@ei.aeskills.in,1791038393120,1791038317347
sarojana.banoth@ei.aeskills.in,1791005714512,1791005579681
satharaji.rishith@ei.aeskills.in,1791024700687,1791024701669
sathish.jarpula@ei.aeskills.in,1791040688336,1791040668000
sathish.mudavath@ei.aeskills.in,1791036191605,1791036180000
sathvik.jutti@ei.aeskills.in,1791024874625,1791024837454
sathwik.katravath@ei.aeskills.in,1791039970230,1791039891000
sathwika.tholem@ei.aeskills.in,1791029275382,1791029168000
sathwikteja.bhukya@ei.aeskills.in,1791024185403,1791024143279
sathyagouthami.kothapalli@ei.aeskills.in,1791009459886,1791009322408
satwikbabu.thati@ei.aeskills.in,1791020351052,1791020313471
savalam.nagaraju@ei.aeskills.in,,1791031210997
savana.singh@ei.aeskills.in,1791028588983,1791028582547
sawita.lodha@ei.aeskills.in,1791019855506,1791019712627
seelam.ullasini@ei.aeskills.in,1791030325549,1791030282973
settipalli.dheseitha@ei.aeskills.in,1791005047906,1791005041751
shabnam.md@ei.aeskills.in,1791018639694,1791017475000
shaharukh.khan1@ei.aeskills.in,1791029550120,1791029509995
shailaja.t@ei.aeskills.in,,1791044717435
shailendra.dagdi@ei.aeskills.in,1791025388234,1791025336014
shakshi.chawan1@ei.aeskills.in,1791021808688,1791021757431
shalu.bheel3@ei.aeskills.in,1791001001067,1791000998521
shalu.k26@ei.aeskills.in,1790997972652,1790997918000
shalu.shalu1@ei.aeskills.in,1791028680395,1791028634092
sharafat.ali1@ei.aeskills.in,1790997767860,1790997762180
sharanya.dabbagatla@ei.aeskills.in,1791002940970,1791002882000
sharanyasri.m@ei.aeskills.in,1791038028064,1791037875564
sharath.vankdoth@ei.aeskills.in,1791040644083,1791040564000
sharmila.bhukya1@ei.aeskills.in,1791018597019,1791018504214
sharmila.pendur@ei.aeskills.in,1791019498333,1791019448937
sharwanlal.kharol@ei.aeskills.in,1791030079014,1791030075779
sheetal.kumar4@ei.aeskills.in,1791036431656,1791036341639
sheetal11@ei.aeskills.in,1791004410009,1791004328746
shekar.kondapally@ei.aeskills.in,1791042331437,1791042287658
shekidi.varshitha@ei.aeskills.in,1791022020954,1791021964000
sherupally@ei.aeskills.in,1791021984643,1791021712000
shilpa.chandavath@ei.aeskills.in,1791025019253,1791024924699
shindhura.athram@ei.aeskills.in,1791038205938,1791037877000
shirisha.ajmera@ei.aeskills.in,1791009400945,1791009401938
shirisha.kanaka@ei.aeskills.in,1791022628910,1791022490786
shirisha.sidam@ei.aeskills.in,1791020101125,1791020043861
shivakrishna.chintham@ei.aeskills.in,1791015256285,1791015219409
shivakumar.pendur@ei.aeskills.in,,1791034492000
shivam.gujjar1@ei.aeskills.in,1791011446880,1791011389217
shivam.k129@ei.aeskills.in,1791003843383,1791003799843
shivam.kumar394@ei.aeskills.in,1791016845986,1791016844790
shivam.lodha7@ei.aeskills.in,1791018361166,1791018326193
shivam98@ei.aeskills.in,1791022111045,1791022107901
shivanaik.nenavath@ei.aeskills.in,1791038666482,1791038562000
shivanandu.gondi@ei.aeskills.in,1791025982601,1791025927843
shivani.gurjar25@ei.aeskills.in,1791012208801,1791012193116
shivani.gurjar6@ei.aeskills.in,1791011846923,1791011764720
shivani.k228@ei.aeskills.in,1790999584146,1790999526750
shivani.k230@ei.aeskills.in,,1791022314425
shivani.megwal3@ei.aeskills.in,1791003329509,1791003295000
shivani.mesram@ei.aeskills.in,1791023572024,1791023527054
shivanya.nagar@ei.aeskills.in,1791028743909,1791028685000
shivdinesh.banavath@ei.aeskills.in,1791007877924,1791007784793
shivraj.k19@ei.aeskills.in,1791028197655,1791028150000
shivraj.kumar12@ei.aeskills.in,1791028376246,1791027885476
shrishty.kumari2@ei.aeskills.in,1791005661641,1791005621720
shrusti.jadhv@ei.aeskills.in,1791022187788,1791022126956
shubham38@ei.aeskills.in,1791007920752,1791007874438
shushanth.sonde@ei.aeskills.in,1791023355698,1791023222116
sidam.godavari@ei.aeskills.in,1791023995829,1791023974723
siddartha.rathod@ei.aeskills.in,1791036307464,1791036228800
siddharth0700115@ei.aeskills.in,1791033435989,1791033400047
siddhu.jalakam@ei.aeskills.in,1791020251710,1791020152714
siddunaik.megavath@ei.aeskills.in,1791037968376,1791037883000
sidharth.lodha@ei.aeskills.in,1791010193699,1791010148384
sidhu.gundi@ei.aeskills.in,1791011274879,1791011221718
sidhu.midiyam@ei.aeskills.in,1791016598014,1791016464079
silmarth.ramcharan@ei.aeskills.in,1791005841668,1791005623000
simran.bano35@ei.aeskills.in,1791010092208,1791010057590
sindhu.boda@ei.aeskills.in,1791009771567,1791009611794
sindu.korsa@ei.aeskills.in,1791028216670,1791028000000
sinu0380213@ei.aeskills.in,1791029286903,1791029207421
sisam.chainithasri@ei.aeskills.in,1791017786398,1791017602589
sita.k23@ei.aeskills.in,1791005190120,1791005129665
sivani.k5@ei.aeskills.in,1791029712874,1791029710304
sneha.athram@ei.aeskills.in,1791021690490,1791021610228
sneha.gedam3@ei.aeskills.in,1791021219790,1791021159774
snehavarshitha.varsa@ei.aeskills.in,1791029444283,1791029336000
snehitha.gonela@ei.aeskills.in,1791021361176,1791021316422
sode.sindhu@ei.aeskills.in,1791011716638,1791011530000
sodi.asmitha1@ei.aeskills.in,1791030489960,1791030379535
sohan.k7@ei.aeskills.in,1791024176474,1791024173764
sona.k27@ei.aeskills.in,1791029400067,1791029331000
sonakshi.gurjar@ei.aeskills.in,1790996323973,1790996321737
sonakshi.k57@ei.aeskills.in,1791002608674,1791002518624
sonaliraj.b@ei.aeskills.in,1791038706428,1791038438599
sonam.k51@ei.aeskills.in,1791021513383,1791021513000
soniya.bhukya2@ei.aeskills.in,1791021467842,1791021109704
soniya.dharavath@ei.aeskills.in,1791001239291,1791001150182
sonu.lodha3@ei.aeskills.in,1791014984302,1791014893319
sonu.rawat34@ei.aeskills.in,1790998274400,1790998270800
sonu.singh33@ei.aeskills.in,1791000401688,1791000383889
soujanya.vadithya@ei.aeskills.in,1791019105265,1791018551017
soyab.khan8@ei.aeskills.in,1791015521888,1791015488606
soyam.manashwini@ei.aeskills.in,1791010119967,1791009908000
soyam.meenakshi@ei.aeskills.in,1791002659876,1791002433000
soyam.sangeetha1@ei.aeskills.in,1791027739996,1791027691000
soyam.susmitha@ei.aeskills.in,1791036878506,1791036816864
sravani.regunta@ei.aeskills.in,1791011975042,1791011884000
sravani.sapavath@ei.aeskills.in,1791018905798,1791018767767
sravankumar.micha@ei.aeskills.in,1791023335368,1791023296817
sravankumar.tholem@ei.aeskills.in,1791017483453,1791017376278
sravanraj.thodasam@ei.aeskills.in,1791033989715,1791033761552
sravanthika.korem@ei.aeskills.in,,1791030705943
sreedevi.banoth@ei.aeskills.in,1791015262478,1791007353000
sreeveni.rathod@ei.aeskills.in,1791039480570,1791039444000
sri.du1@ei.aeskills.in,1791037251347,1791024944972
sri.vanam@ei.aeskills.in,1791042031801,1791041987703
sridhar.nenavath@ei.aeskills.in,1791008317902,1791008248142
sridhar.thama@ei.aeskills.in,1791025176553,1791025110400
sridharshini.erpula@ei.aeskills.in,1791046597454,1791046464000
srihari.varsa@ei.aeskills.in,1791020629976,1791020434354
srika.lavdya@ei.aeskills.in,1791023880222,1791023835933
srikanth.amgoth@ei.aeskills.in,1791039616554,1791039546000
srikanth.kethavath2@ei.aeskills.in,1791039381046,1791039281000
srikanth.upre@ei.aeskills.in,1791012844631,1791012801660
srikar.badavath@ei.aeskills.in,1791022963934,1791022928332
srikrshna.parshika@ei.aeskills.in,1791018441398,1791018326744
srilekha.bhukya@ei.aeskills.in,1791010092056,1791009951838
srinandu.islavath@ei.aeskills.in,1791008332799,1791007860047
srineeth.pogula@ei.aeskills.in,1791022095739,1791022011000
srinidhi.jadhav@ei.aeskills.in,1791022372856,1791022323926
srinidhi.micha@ei.aeskills.in,1791040222119,1791040140000
sriram.bhukya@ei.aeskills.in,1791024458917,1791024391458
sriram.nagati@ei.aeskills.in,1791042557559,1791042471000
srivani.kumram@ei.aeskills.in,1791039983943,1791039976376
srividya.messa@ei.aeskills.in,1791030829834,1791030724000
srividya.soyam@ei.aeskills.in,1791009119865,1791005689000
sruthi.lavudya@ei.aeskills.in,1791003396200,1791003381000
sruthi.settipalli@ei.aeskills.in,1791006976588,1791006744765
subhash.k31@ei.aeskills.in,1791023208938,1791023078000
suhana.bheel@ei.aeskills.in,1791014939532,1791014911057
suhana.suhana9@ei.aeskills.in,1791034669869,1791034628352
suhasini.pandram@ei.aeskills.in,1791019072401,1791018887000
sujatha.banoth@ei.aeskills.in,1791015617020,1791015611380
sukuri@ei.aeskills.in,,1791022088950
sulochana0380223@ei.aeskills.in,1791031822123,1791031787639
suman.k100@ei.aeskills.in,1790991467457,1790991431500
suman.k140@ei.aeskills.in,1791009377487,1791009376315
sumanth.lakavath@ei.aeskills.in,1791008696829,1791008618116
sumit.bairwa6@ei.aeskills.in,1790994910090,1790994851896
sumit.k77@ei.aeskills.in,1791001190473,1791001110000
sumit.kumar369@ei.aeskills.in,1791027575452,1791027512176
sumithabai.jadhav@ei.aeskills.in,1791022657240,1791022599433
sundilla.jashwanth@ei.aeskills.in,1791021751771,1791021752776
sunena.k2@ei.aeskills.in,1791025649642,1791025549000
sunil.bairwa8@ei.aeskills.in,1790995222177,1790995153000
sunil.bheel5@ei.aeskills.in,1791002778521,1791002770850
sunil.k89@ei.aeskills.in,1791000341600,1791000300570
sunil.singh20@ei.aeskills.in,1791015484806,1791015394224
sunita.berwa@ei.aeskills.in,1791008229887,1791008215581
sunita.gurjar7@ei.aeskills.in,1790997033454,1790997031169
sunita.k95@ei.aeskills.in,1791015133529,1791015071650
sunita.rawat34@ei.aeskills.in,1791008400211,1791008395522
sunita0380218@ei.aeskills.in,1791030029200,1791029995966
sunita0380221@ei.aeskills.in,1791030864694,1791030821652
sunitha.chikram@ei.aeskills.in,1791022046614,1791021958639
sunitha.naitham@ei.aeskills.in,1791024059255,1791024000873
sunitha.thati@ei.aeskills.in,1791041518761,1791041437000
sunka.saiprasad@ei.aeskills.in,1791017510019,1791017511059
sunnam.saihsri@ei.aeskills.in,,1791008198122
supriya.banoth2@ei.aeskills.in,1791016261042,1791016253818
suraj.bheel11@ei.aeskills.in,1790991588759,1790991537000
suraj.k58@ei.aeskills.in,1791003364312,1791003359735
suraj.kumar422@ei.aeskills.in,1791047705317,1791047677343
suraj.kumar424@ei.aeskills.in,1791009920398,1791009852109
suraj.kumar474@ei.aeskills.in,1791034012828,1791033952156
suraj.lodha5@ei.aeskills.in,1791027176614,1791027133252
suraj.nath4@ei.aeskills.in,1791004251868,1791004219603
suraj.singh40@ei.aeskills.in,1791004374687,1791004370748
suraj.surajsingh1@ei.aeskills.in,1791022568071,1791022565150
suram.rajashekar@ei.aeskills.in,1791017104094,1791017105121
surendra.gurjar10@ei.aeskills.in,1791028657850,1791028655475
suresh.madavi1@ei.aeskills.in,1791025426611,1791025399501
suryateja.ravva@ei.aeskills.in,1791024620507,1791024564627
sushant.k@ei.aeskills.in,1791039052536,1791038990000
sushanth.maloth@ei.aeskills.in,1791021695772,1791021657575
sushanth.rathod@ei.aeskills.in,1791035632730,1791035619000
sushil.meena2@ei.aeskills.in,1790997678802,1790997626107
sushmitha.perugu@ei.aeskills.in,1791010532770,1791010528137
swaraj.pittala@ei.aeskills.in,1791042426525,1791042388170
swathi.chavan2@ei.aeskills.in,1791018835336,1791018715965
swathika.ade@ei.aeskills.in,1791020700652,1791020636321
swatika.kursenga@ei.aeskills.in,1791023380500,1791023309824
swetha.jadhav1@ei.aeskills.in,1791023144521,1791023093093
swetha.madavi@ei.aeskills.in,1791023938613,1791023887108
syamala.avanthika@ei.aeskills.in,1791025753450,1791025617000
sydamma.bhukya@ei.aeskills.in,1791019575103,1791019196231
tamanna.bairwa1@ei.aeskills.in,1791007103786,1791007000209
tamanna.k116@ei.aeskills.in,1791028356090,1791028296000
tamanna.k118@ei.aeskills.in,1791009820882,1791009787346
tamanna.khuswa@ei.aeskills.in,1791007319755,1791007284122
tamanna.kumari104@ei.aeskills.in,,1791032225021
tamanna.nagar@ei.aeskills.in,1791030669441,1791030619000
tamanna.prajapat3@ei.aeskills.in,1791009538734,1791009533786
tamanna.rawat2@ei.aeskills.in,1791026714033,1791026709681
tamanna.rawat5@ei.aeskills.in,1791028213470,1791028208157
tamanna39@ei.aeskills.in,1791008780088,1791008728144
tamnna.k30@ei.aeskills.in,1791003146199,1791003114803
tanish.rawat2@ei.aeskills.in,1791002119481,1791002117475
tanisha.k41@ei.aeskills.in,1791011175135,1791011104548
tanisha.megwal@ei.aeskills.in,1791031688273,1791031606000
tannu.gurjar2@ei.aeskills.in,1790998764566,1790998762234
tannu.k33@ei.aeskills.in,1791007385675,1791007348177
tannu.k37@ei.aeskills.in,1791002227007,1791002221917
tanu.kumari77@ei.aeskills.in,1791010094332,1791010041780
tanu0840165@ei.aeskills.in,1791013217438,1791013167597
tanuja.meena1@ei.aeskills.in,1791047847659,1791047814425
tanuja.rawat1@ei.aeskills.in,1791028866412,1791028857836
tarakki.kumari@ei.aeskills.in,1791034244974,1791034192760
tarun.khushwah@ei.aeskills.in,1791006590984,1791006531198
teena.megwal@ei.aeskills.in,1791028917094,1791028839000
teena.sharma1@ei.aeskills.in,1791000243363,1791000148591
teja.batta@ei.aeskills.in,1791018531257,1791018503076
tejaaravindh.kommaram@ei.aeskills.in,1791024645016,1791024564281
tejaram.gurjar@ei.aeskills.in,1791003901668,1791003898265
tejashwini.kudmetha@ei.aeskills.in,1791022912900,1791022878464
tejaswi.bandari@ei.aeskills.in,1791046277124,1791046175000
tejaswini.chikula@ei.aeskills.in,1791022113619,1791022052792
tejavath.vinoda@ei.aeskills.in,1791038089331,1791037984243
tejeshwini.korange@ei.aeskills.in,1791022970887,1791022919446
tellam.akshara@ei.aeskills.in,1791030229327,1791030114000
tellam.sanjana@ei.aeskills.in,1791012788935,1791012672000
thanusree.vundikoti@ei.aeskills.in,1791008621279,1791008622327
thapaswivarma.b@ei.aeskills.in,1791043940895,1791043823442
thati.saraswathi@ei.aeskills.in,1791009181671,1791008933000
thati.sonu@ei.aeskills.in,1791009340260,1791008777745
thati.sri@ei.aeskills.in,1791029131651,1791029062000
thellam.jyothi@ei.aeskills.in,1791011898481,1791011792000
thogutalachu@ei.aeskills.in,1791038348586,1791038262000
thota.varshith@ei.aeskills.in,1791019288233,1791019289277
thudum2@ei.aeskills.in,1791025315135,1791025211446
thulasi1@ei.aeskills.in,1791027464542,1791027110623
thumram.deepika@ei.aeskills.in,1791026814172,1791026751000
thumram.laxmi@ei.aeskills.in,1791040863045,1791040776000
thumram.ramya@ei.aeskills.in,1791041157007,1791041082000
tikam.singh3@ei.aeskills.in,1791006580058,1791006580000
tinki.kumari@ei.aeskills.in,1791003187735,1791003178527
toni.k1@ei.aeskills.in,1791032195707,1791032118938
tonyjaa.kangala@ei.aeskills.in,1791016405327,1791016372543
trilok.k4@ei.aeskills.in,1791000384498,1791000311084
tushar.bairwa@ei.aeskills.in,1791005886913,1791005882440
tushar.khushwa@ei.aeskills.in,1791006301498,1791006249624
udaykiran.mudavath@ei.aeskills.in,1791040489808,1791040329000
uhasri@ei.aeskills.in,,1791013335488
uke.pranaya@ei.aeskills.in,1791024164338,1791024035000
uma.k13@ei.aeskills.in,1791028520712,1791028440000
umag.malav@ei.aeskills.in,1791009605095,1791009483223
uppala1@ei.aeskills.in,1791026695440,1791026623000
urmi.k3@ei.aeskills.in,1791029944701,1791029941959
urmila.k28@ei.aeskills.in,1791027600666,1791027542000
usha.k30@ei.aeskills.in,1791020332534,1791020294694
usha.lodha@ei.aeskills.in,1791022163292,1791022128760
usmita.rawat@ei.aeskills.in,1791027816286,1791027809885
vadde1@ei.aeskills.in,1791024907115,1791024622032
vade.meghana@ei.aeskills.in,1791021855434,1791020943393
vade.niharika@ei.aeskills.in,1791026562647,1791026465000
vade.viswateja@ei.aeskills.in,1791004960862,1791004957675
vadithya.meenakshi@ei.aeskills.in,1791045476230,1791045403791
vadthya.akhil@ei.aeskills.in,,1791035614117
vainavi.sakki@ei.aeskills.in,1791020265352,1791020012016
vairagade.akhil@ei.aeskills.in,1791021572436,1791021573442
vaishali.chavan@ei.aeskills.in,1791012851339,1791012758620
vaishnavi.4@ei.aeskills.in,1791010877306,1791010835000
vaishnavi.dugarkar@ei.aeskills.in,1791021153304,1791021099102
vaishnavi.katherapaka@ei.aeskills.in,1791014374982,1791014370135
vaishnavi.myakalollu@ei.aeskills.in,1791023995148,1791023945366
vaishnavi.y2@ei.aeskills.in,1791015248595,1791015072865
vajja.deekshitha@ei.aeskills.in,,1791041678887
vamshi.mangli@ei.aeskills.in,1791037293990,1791037283000
vandana.kumari42@ei.aeskills.in,1791036128696,1791036078746
vandana.nogiya@ei.aeskills.in,1791014520443,1791014464671
vani.chennuri@ei.aeskills.in,1791010072985,1791010068006
vankudoth.anusha@ei.aeskills.in,1791025133783,1791024979000
vanraj.k@ei.aeskills.in,1790990431532,1790990370278
vanshika.meena14@ei.aeskills.in,1791008470145,1791008456297
vanshika078021@ei.aeskills.in,1791008519453,1791008514829
vanshika40@ei.aeskills.in,1791008978839,1791008923697
varan.mudricha@ei.aeskills.in,1791021827559,1791021795518
varsa.varshitha@ei.aeskills.in,1791023903238,1791023581000
varsha.k130@ei.aeskills.in,1791023363227,1791023328707
varsha.k134@ei.aeskills.in,1791020173099,1791020103443
varsha.khatik2@ei.aeskills.in,,1791028063715
varsha.lodha7@ei.aeskills.in,1791039849232,1791039735627
varsha.rathod4@ei.aeskills.in,1791019805232,1791019757788
varsha038025@ei.aeskills.in,1791020917829,1791020790451
varsha100@ei.aeskills.in,1791032203583,1791032160426
varshini.penuka@ei.aeskills.in,1791019051586,1791018987000
varun.cherukula@ei.aeskills.in,1791029107550,1791029047496
varun.dharavath1@ei.aeskills.in,1791024692817,1791024661248
varun.payam@ei.aeskills.in,1791021586760,1791021533164
varun.salavath@ei.aeskills.in,1791012643672,1791012560619
varuntej.rathod@ei.aeskills.in,1791039274077,1791039259000
varuntej.thati@ei.aeskills.in,1791011600710,1791011546100
vasam.sri1@ei.aeskills.in,1791025796467,1791025681000
vasikar.cheula@ei.aeskills.in,1791039166671,1791039141000
vasundhara.k13@ei.aeskills.in,,1791032689000
vedika.k10@ei.aeskills.in,1791029219046,1791029168000
veer.lodha@ei.aeskills.in,1791011256543,1791011215906
veera.gurjar@ei.aeskills.in,1790996310323,1790996306889
venkatavarunteja.kalluri@ei.aeskills.in,1791010439199,1791010369777
venkatsai.guguloth@ei.aeskills.in,1791025112538,1791025077099
vennela.varsa@ei.aeskills.in,1791041288735,1791041214000
vharantej.aislavath@ei.aeskills.in,1791034519539,1791034499000
vichithra.banoth@ei.aeskills.in,1791018387042,1791018258347
vicky.sabavath@ei.aeskills.in,1791040563085,1791040530000
vidhya.jangid@ei.aeskills.in,1790995918094,1790995913492
vidhya.kavar@ei.aeskills.in,1790990690708,1790990657881
vidhya.lodha@ei.aeskills.in,1791021534967,1791021498073
vidyasri.azmeera@ei.aeskills.in,1791016208060,1791008555514
vignesh.kethavath@ei.aeskills.in,1791037936888,1791037916000
vigneswar.kethavath@ei.aeskills.in,1791025317799,1791025276931
vijay.kumar235@ei.aeskills.in,1791035163430,1791035121369
vijay.kumar236@ei.aeskills.in,1791003510378,1791003478000
vijay.singh25@ei.aeskills.in,1791004919169,1791004883631
vijendar.k@ei.aeskills.in,1790990567000,1790990527846
vikad.meena@ei.aeskills.in,1791006870486,1791006855291
vikas.meena7@ei.aeskills.in,1791003433126,1791003415144
vikas.suman1@ei.aeskills.in,1791007674390,1791007661163
vikash.banjara@ei.aeskills.in,1791011565199,1791011516864
vikash.kumar144@ei.aeskills.in,1791014529834,1791014494413
vikesh.rathod@ei.aeskills.in,1791038253331,1791038179000
vikki0380222@ei.aeskills.in,1791030977513,1791030938619
vikram.devda@ei.aeskills.in,1791000741246,1791000687384
vikram.jadav@ei.aeskills.in,1791038769884,1791038541000
vikram.k81@ei.aeskills.in,1791010013282,1791009976711
vikram.meena8@ei.aeskills.in,1791007471553,1791007453731
vikram.rathod12@ei.aeskills.in,1791037367936,1791037297000
vikram.singh45@ei.aeskills.in,1791029809080,1791029754578
vinaykumar.annaram@ei.aeskills.in,1791041266332,1791041196000
vindhya.savri@ei.aeskills.in,1790999272714,1790999204732
vindya.kallepalli@ei.aeskills.in,1791023459322,1791023424649
vinita.k17@ei.aeskills.in,1791015428177,1791015385399
vinod.k48@ei.aeskills.in,1791036939467,1791036900500
vinod.kunja@ei.aeskills.in,1791025277144,1791025248940
vinodhbabu.midiyam@ei.aeskills.in,1791010279280,1791010218226
vinshika.beragi@ei.aeskills.in,1791038440715,1791038361000
vinyakumar.samynola@ei.aeskills.in,1791038955023,1791038822000
virat.rawat4@ei.aeskills.in,1791017248178,1791017189548
virat.singh10@ei.aeskills.in,1791005420115,1791005356701
virkaran0700160@ei.aeskills.in,1791033918000,1791033866741
vishakha1070133@ei.aeskills.in,1791017585541,1791017229406
vishal.bairwa7@ei.aeskills.in,1790994091861,1790994037000
vishal.bheel20@ei.aeskills.in,1791015427700,1791015393823
vishal.k163@ei.aeskills.in,1790992402797,1790992348000
vishal.k176@ei.aeskills.in,1791002902071,1791002864184
vishal.k203@ei.aeskills.in,1791032986418,1791032983527
vishal.kethavath@ei.aeskills.in,1791037494418,1791037478000
vishal.lodha11@ei.aeskills.in,1791003587509,1791003509000
vishal.parshika@ei.aeskills.in,1791009293919,1791009237188
vishal.rawat12@ei.aeskills.in,1791005380236,1791005374119
vishnavi.irpa@ei.aeskills.in,1791028730798,1791028552000
vishnu.vasam1@ei.aeskills.in,1791027702031,1791027653244
vislavath.pavan2@ei.aeskills.in,1791038472839,1791038067000
vivek.rathod5@ei.aeskills.in,1791041536897,1791041440000
vyshnavi.kunja2@ei.aeskills.in,1791030622732,1791030424000
vyshnavi.lavudiya@ei.aeskills.in,1791020764519,1791020267503
y.akshitha@ei.aeskills.in,1791046704508,1791046632969
yadama.adhya@ei.aeskills.in,1791033706519,1791033476015
yagnasri.tejavath@ei.aeskills.in,1791016284705,1791016067085
yakati@ei.aeskills.in,1791018381262,1791018271284
yanaganti.deepika@ei.aeskills.in,1791029318237,1791029187000
yash.gurjar4@ei.aeskills.in,1791029982434,1791029920000
yash.k9@ei.aeskills.in,1791027324035,1791027251675
yashwant.k4@ei.aeskills.in,1791002400921,1791002375190
yashwanti.rawat@ei.aeskills.in,1791016130423,1791016065805
yasmin0700162@ei.aeskills.in,1791034144152,1791034077815
yaswanth.punem@ei.aeskills.in,1791011486132,1791011436057
yatharth101@ei.aeskills.in,1791032486901,1791032400153
yedulla.sairithesh@ei.aeskills.in,1791020778287,1791020771248
yenkolla1@ei.aeskills.in,1791020338710,1791020057974
yenkolla@ei.aeskills.in,1791017461055,1791017320000
yennam@ei.aeskills.in,1791027775783,1791027690000
yogendra.mehar@ei.aeskills.in,1790999509598,1790999407165
youvraj.k@ei.aeskills.in,1791009588586,1791009579834
yuvaraju.vage@ei.aeskills.in,1791025128033,1791025073340
yuvraj.rawat7@ei.aeskills.in,1791005660904,1791005656998
