email,first_mau_ts,first_login_ts
161710485@ei.aeskills.in,1791170293355,1791170293000
161710488@ei.aeskills.in,1791175991554,1791175909726
161710543@ei.aeskills.in,1791207430576,1791207369794
161710546@ei.aeskills.in,1791207035273,1791206982830
161710547@ei.aeskills.in,1791206644010,1791206592624
161710548@ei.aeskills.in,1791207289774,1791207229777
161710551@ei.aeskills.in,1791207955446,1791207915566
161710552@ei.aeskills.in,1791207843111,1791207785553
161710553@ei.aeskills.in,1791207684105,1791207535561
161710554@ei.aeskills.in,1791206908571,1791206866376
161710913@ei.aeskills.in,1791206782070,1791206734257
161712887@ei.aeskills.in,1791176867911,1791176812415
161712888@ei.aeskills.in,1791176262730,1791176209133
161712889@ei.aeskills.in,1791173711374,1791173595638
161712890@ei.aeskills.in,1791174708482,1791174602099
161712891@ei.aeskills.in,1791175512956,1791175474372
161712892@ei.aeskills.in,1791177565750,1791177529751
161712901@ei.aeskills.in,1791175190977,1791175151139
161712911@ei.aeskills.in,1791175040897,1791175003460
a.abhinav1@ei.aeskills.in,1791223762727,1791223763658
a.kumar21@ei.aeskills.in,1791197648130,1791197377000
a.kumar3@ei.aeskills.in,1791195729099,1791195445491
a.sangeethkumar@ei.aeskills.in,1791222593925,1791222594933
aadhesh063011@ei.aeskills.in,1791196433438,1791196382000
aadil.khan4@ei.aeskills.in,,1791210936000
aadil063012@ei.aeskills.in,1791196575445,1791196516000
aaditya.lavnsi@ei.aeskills.in,1791172809550,1791172775286
aahis.kumar@ei.aeskills.in,1791207102788,1791207046299
aakansha.k5@ei.aeskills.in,1791172931059,1791172846237
aakash.khuswa@ei.aeskills.in,1791176573369,1791176526390
aakash.meena13@ei.aeskills.in,1791182580424,1791182563650
aakash.meena14@ei.aeskills.in,1791185698744,1791185681172
aakash21@ei.aeskills.in,1791198478026,1791198427155
aalisha.bee@ei.aeskills.in,1791178277186,1791178128000
aanand.k13@ei.aeskills.in,1791213655517,1791213576000
aanand.sharma1@ei.aeskills.in,1791209697294,1791209633289
aanand76@ei.aeskills.in,1791204555627,1791204507734
aarisha.choudhary@ei.aeskills.in,1791177809099,1791177747033
aarohi03501137@ei.aeskills.in,1791177557376,1791177550335
aarthi.nahak@ei.aeskills.in,1791217624094,1791217547577
aarti.indrasingh@ei.aeskills.in,1791170141927,1791169855960
aarti.k128@ei.aeskills.in,1791195326946,1791195324791
aarti.k139@ei.aeskills.in,1791186872676,1791186838748
aarti.kumari200@ei.aeskills.in,1791173222797,1791173164043
aarti.rawat26@ei.aeskills.in,1791177066731,1791177002748
aaruhi088012@ei.aeskills.in,1791175698268,1791175635613
aarushi.bai@ei.aeskills.in,1791186739482,1791186685978
aarushi.k44@ei.aeskills.in,1791174611426,1791174540863
aarushi.kumari175@ei.aeskills.in,1791187091585,1791187060270
aarushi.meena25@ei.aeskills.in,1791183993783,1791183975606
aarushi.meena8@ei.aeskills.in,1791223282220,1791223249111
aarushi.nagar557@ei.aeskills.in,1791177742458,1791177670124
aaryan.kumar52@ei.aeskills.in,1791176608772,1791176569511
aasha.kumari19@ei.aeskills.in,1791171664679,1791171486389
aashika55@ei.aeskills.in,1791210942949,1791210904103
aashish.kuymar@ei.aeskills.in,1791174627164,1791174551558
aashish.rawat5@ei.aeskills.in,1791185735103,1791185709561
aashish77@ei.aeskills.in,1791204697213,1791204644732
aashta12@ei.aeskills.in,1791196447751,1791196372252
aasif.k5@ei.aeskills.in,1791210223028,1791210220677
aastha.gurjar3@ei.aeskills.in,1791200790754,1791200785760
aayush0350137@ei.aeskills.in,1791181783436,1791181754146
aayushi.kahar@ei.aeskills.in,1791184527851,1791184505180
abarar.ali@ei.aeskills.in,1791194563301,1791194431000
abbijit.aadivashi@ei.aeskills.in,1791173895730,1791173770662
abhijeet.choudhary1@ei.aeskills.in,1791174875980,1791174817565
abhilash.kanyadara@ei.aeskills.in,1791190318323,1791190218000
abhinav.nakka@ei.aeskills.in,1791188232528,1791188192905
abhiram.maloth@ei.aeskills.in,1791183875594,1791183825731
abhishek.abhishek41@ei.aeskills.in,1791169676430,1791169638730
abhishek.k129@ei.aeskills.in,1791196778838,1791196633923
abhishek.khushwa@ei.aeskills.in,1791175847153,1791175773790
abhishek.kumar370@ei.aeskills.in,1791209365427,1791209308000
abhishek.meghwal6@ei.aeskills.in,1791185850681,1791185817082
abhishek.rawal1@ei.aeskills.in,1791213906444,1791213851490
abhishek.rawat24@ei.aeskills.in,1791197788699,1791197784027
abhishek.reddypogu@ei.aeskills.in,1791224222233,1791224223225
abhishek.turram@ei.aeskills.in,1791189670087,1791189553802
abigna.bade@ei.aeskills.in,1791186480717,1791185910000
addhil063013@ei.aeskills.in,1791196718188,1791196663000
adelli.cherisma@ei.aeskills.in,1791206890740,1791206891734
adhvithi.chengala@ei.aeskills.in,1791194030594,1791193802000
adithya.gudve@ei.aeskills.in,1791195685211,1791194188000
adithya.kaka@ei.aeskills.in,1791178740892,1791178708352
aditya.k29@ei.aeskills.in,1791197263691,1791197147884
aditya.k52@ei.aeskills.in,1791182525731,1791182453402
aelthuri@ei.aeskills.in,1791185378594,1791185280000
ajay.ajay11@ei.aeskills.in,1791183621906,1791183585248
ajay.gurjar7@ei.aeskills.in,1791172727342,1791172694382
ajay.meena25@ei.aeskills.in,1791185444192,1791185417171
ajaykumar.v@ei.aeskills.in,1791189759230,1791189605000
ajmeera.anjali1@ei.aeskills.in,1791197545668,1791197317938
ajmeera.lavanya@ei.aeskills.in,1791184013766,1791183956000
akanksha.k10@ei.aeskills.in,1791184170190,1791184165975
akash.k23@ei.aeskills.in,1791198950338,1791198946236
akhil.arvamala@ei.aeskills.in,,1791180010111
akhil.karam2@ei.aeskills.in,1791182593419,1791182507616
akhil.meghwal1@ei.aeskills.in,1791179057745,1791178977356
akhila.battu1@ei.aeskills.in,1791192305682,1791192256311
akhila.jadhav@ei.aeskills.in,1791190459732,1791190253000
akhila.kunja@ei.aeskills.in,1791187689014,1791187687359
akhila.lagadam@ei.aeskills.in,1791188504359,1791188505078
akhila.malavath@ei.aeskills.in,1791191444584,1791191380239
akhila.pathakotla@ei.aeskills.in,1791203199542,1791203162000
akhilesh.chatla@ei.aeskills.in,1791190078058,1791189979000
akhiranandha.bhumagalla@ei.aeskills.in,1791197702533,1791197592000
akhlesh.k@ei.aeskills.in,1791204937571,1791204906722
akirananda.pandra@ei.aeskills.in,1791181506546,1791181464091
akiranandhini.jadhav@ei.aeskills.in,1791195915166,1791194387848
akshara.banka@ei.aeskills.in,1791198838948,1791198761201
akshara.banoth2@ei.aeskills.in,1791198066282,1791197977095
akshara.cheppela@ei.aeskills.in,1791197910784,1791197744887
akshara.jadhav3@ei.aeskills.in,1791196324429,1791196250473
akshara.k33@ei.aeskills.in,1791177920967,1791177829000
akshara.naieni@ei.aeskills.in,1791185949540,1791185888000
akshat.nagar@ei.aeskills.in,1791172133177,1791172128876
akshaya.didiga@ei.aeskills.in,1791187604145,1791187376000
akshita.gurjar2@ei.aeskills.in,1791187227225,1791187126061
akshita.kumari59@ei.aeskills.in,1791208587323,1791208480377
akshita.kumari60@ei.aeskills.in,1791167970901,1791167517892
akshitha.athram1@ei.aeskills.in,1791199614773,1791199615785
akshitha.enjamuri@ei.aeskills.in,1791203314219,1791203310901
akshitha.kursam@ei.aeskills.in,1791215996676,1791215936293
akshitha.p3@ei.aeskills.in,1791176080537,1791176007538
akshitha.tellam@ei.aeskills.in,1791188593522,1791188591448
akshitha.varanasi@ei.aeskills.in,1791187286972,1791187014000
akshithkumar.sonde@ei.aeskills.in,1791190101031,1791190030292
akshra.choudhary@ei.aeskills.in,1791176973854,1791176948728
akshya.jadhav@ei.aeskills.in,1791191211117,1791191061000
akshya.perumandala@ei.aeskills.in,1791189460094,1791189238000
akush.meena@ei.aeskills.in,1791182351834,1791182320507
alakanada.lunavath@ei.aeskills.in,1791201113088,1791201045000
alakanandha.adur@ei.aeskills.in,1791200431070,1791200379411
alakanandha.rathod@ei.aeskills.in,1791199889227,1791199817790
alakanandha.sidam@ei.aeskills.in,1791187912439,1791187913483
alekya.jadhav1@ei.aeskills.in,,1791180952000
alekya.vadthya@ei.aeskills.in,1791192970543,1791192858326
alfiya.k9@ei.aeskills.in,1791195474323,1791195471383
alfiya.shaikh2@ei.aeskills.in,1791190035045,1791189965000
ali088013@ei.aeskills.in,1791173874440,1791173809446
alisha.bano21@ei.aeskills.in,1791199240317,1791199182075
alisha.kumari26@ei.aeskills.in,1791188881619,1791188816370
aliya.bano31@ei.aeskills.in,1791174346995,1791174303670
aliya.bee5@ei.aeskills.in,1791188994948,1791188955368
aliya.k61@ei.aeskills.in,1791176382943,1791176337380
aman.kumar184@ei.aeskills.in,1791183302767,1791183292295
amann41@ei.aeskills.in,1791199978113,1791199923901
amarina07001156@ei.aeskills.in,1791207184061,1791207096579
amgoth.dikshitha@ei.aeskills.in,1791193792482,1791193745659
amgoth.supriya@ei.aeskills.in,1791187435732,1791187282661
amirta.bairwa@ei.aeskills.in,1791171769792,1791171712194
ammulu.doddi@ei.aeskills.in,1791202576952,1791202573129
ammulu.jadhav@ei.aeskills.in,1791197616617,1791197497000
amrutha.boda@ei.aeskills.in,1791192165804,1791192085442
anamika.saini4@ei.aeskills.in,1791187947001,1791187772659
anammala.yeshwanth@ei.aeskills.in,1791193177898,1791193017000
ananya.meena3@ei.aeskills.in,1791218612898,1791218574515
ananya.meena7@ei.aeskills.in,1791189125833,1791188978000
ananya.neerudi@ei.aeskills.in,1791200478036,1791200334000
ananya22@ei.aeskills.in,1791199509361,1791199478603
aniaka.nagiya@ei.aeskills.in,1791202900260,1791202895813
anil.prajapat5@ei.aeskills.in,1791200641817,1791200634152
anil.saini9@ei.aeskills.in,1791180643261,1791180133000
anil.vanjam@ei.aeskills.in,1791191370101,1791191367153
anil0930466@ei.aeskills.in,1791191844355,1791191840891
anisha.k39@ei.aeskills.in,1791204828589,1791204747656
anisha0630176@ei.aeskills.in,1791195243567,1791195181000
anita.anita4@ei.aeskills.in,1791170813604,1791170810817
anita.gurjar6@ei.aeskills.in,1791170278245,1791170274009
anitama.meena@ei.aeskills.in,1791189396295,1791189348807
anitha.bhukya2@ei.aeskills.in,1791175677096,1791175623048
anitha.nunavath@ei.aeskills.in,1791181456843,1791181266151
anjali.anjali31@ei.aeskills.in,1791176971663,1791176940818
anjali.anjali41@ei.aeskills.in,1791170932421,1791170894189
anjali.banoth2@ei.aeskills.in,1791193533004,1791193431810
anjali.gurjar21@ei.aeskills.in,1791172990561,1791172988439
anjali.gurjar49@ei.aeskills.in,1791172856408,1791172829811
anjali.gurjar53@ei.aeskills.in,1791203685082,1791203681764
anjali.gurjar58@ei.aeskills.in,1791180821347,1791180814899
anjali.k249@ei.aeskills.in,1791180853887,1791180849637
anjali.k252@ei.aeskills.in,1791179833451,1791179769544
anjali.k253@ei.aeskills.in,1791178484126,1791178442536
anjali.k259@ei.aeskills.in,1791209934385,1791209891000
anjali.k269@ei.aeskills.in,1791186371936,1791186298000
anjali.kirad1@ei.aeskills.in,1791215813723,1791215778560
anjali.malavath@ei.aeskills.in,1791182118032,1791182022068
anjali.mali10@ei.aeskills.in,1791206906112,1791206902996
anjali.meena40@ei.aeskills.in,1791192780292,1791180593009
anjali.meena79@ei.aeskills.in,1791183891339,1791183851682
anjali.sidam@ei.aeskills.in,1791188793937,1791188794657
anjali03501138@ei.aeskills.in,1791177832522,1791177826221
anjana.aanjana@ei.aeskills.in,1791204979657,1791204945280
anjana.k32@ei.aeskills.in,1791206996594,1791206959000
anjana.rao@ei.aeskills.in,1791179054420,1791178998680
anju.gurjar24@ei.aeskills.in,1791189164224,1791189161579
anju03501139@ei.aeskills.in,1791178124721,1791178121346
ankar.sanjana@ei.aeskills.in,1791199206787,1791199206000
ankit.choudhary2@ei.aeskills.in,1791179565458,1791179521193
ankit.choudhary4@ei.aeskills.in,1791178029560,1791178027100
ankit.k133@ei.aeskills.in,1791214823848,1791214823000
ankit.kahar2@ei.aeskills.in,1791182635026,1791182585929
ankit.kumar515@ei.aeskills.in,1791176612283,1791176281000
ankit.lodha5@ei.aeskills.in,1791176589135,1791176508556
ankit.mewada@ei.aeskills.in,1791174760703,1791174631453
ankit0930467@ei.aeskills.in,1791192456938,1791192447970
ankita.bheel2@ei.aeskills.in,1791215049572,1791215047342
ankita.rawat7@ei.aeskills.in,1791174908875,1791174905618
ankita03501140@ei.aeskills.in,1791178482592,1791178479963
ankita07001114@ei.aeskills.in,1791205138728,1791205057493
ankitha.ade2@ei.aeskills.in,1791189522728,1791189282183
ankus.singadiya@ei.aeskills.in,1791170449848,1791170446852
ankush.berwa@ei.aeskills.in,1791188723198,1791188643797
ankush.choudhary@ei.aeskills.in,1791177613768,1791177609380
ankush.k8@ei.aeskills.in,1791200576350,1791200492603
ankush.kumar268@ei.aeskills.in,1791189131253,1791189064211
ankush.singh15@ei.aeskills.in,1791184937390,1791184921675
ankush143@ei.aeskills.in,1791177606981,1791177528540
anmol.singh91@ei.aeskills.in,1791202573866,1791202567462
annukunari.k@ei.aeskills.in,1791210241388,1791210193000
ansha.k1@ei.aeskills.in,1791174616129,1791174616000
anshika.rawat13@ei.aeskills.in,1791179066303,1791179034615
anshu.saini2@ei.aeskills.in,1791174997181,1791174705327
anshu063014@ei.aeskills.in,1791196865181,1791196811000
anshuman.singh13@ei.aeskills.in,1791175504788,1791175502273
ansu07001115@ei.aeskills.in,1791205340040,1791205279130
antima.k22@ei.aeskills.in,1791204444812,1791204409000
anu.tejavath1@ei.aeskills.in,1791197901962,1791197751265
anuj.meghval1@ei.aeskills.in,1791185549687,1791185258759
anuradha.kumari84@ei.aeskills.in,1791167370182,1791167314946
anurag.k24@ei.aeskills.in,1791203700467,1791203665000
anusha.boda@ei.aeskills.in,1791183445602,1791183354056
anusha.pulsam@ei.aeskills.in,1791184151585,1791184051567
anushaka.kumari6@ei.aeskills.in,1791183145867,1791183062480
anushka.k136@ei.aeskills.in,1791184873131,1791184870166
anushka.meena5@ei.aeskills.in,1791218385532,1791218339731
anushka.megwal1@ei.aeskills.in,1791210122053,1791210060000
anusri.banoth@ei.aeskills.in,1791176905001,1791176794512
anveshitha.suvarnapaka@ei.aeskills.in,1791214641568,1791214570099
anwitha.pothuri@ei.aeskills.in,,1791190059000
apoorva.battu@ei.aeskills.in,1791191208990,1791191188000
aradhya.chavan1@ei.aeskills.in,1791200374779,1791200259000
arav.meghwal@ei.aeskills.in,1791174111812,1791174037045
arbaj.singh@ei.aeskills.in,1791173450453,1791173448230
archana.aloth@ei.aeskills.in,1791179254324,1791179255398
archana.banavath@ei.aeskills.in,1791188774466,1791188728175
archana.banoth4@ei.aeskills.in,1791199492232,1791199409000
archana.chavan1@ei.aeskills.in,1791191934325,1791191888136
archana.chennupati@ei.aeskills.in,1791188674341,1791188003000
archana.khethawatha@ei.aeskills.in,1791190753517,1791190722000
archana.lavudya@ei.aeskills.in,1791185382894,1791182467048
architha.moli@ei.aeskills.in,1791185738011,1791185671000
archna.meena@ei.aeskills.in,1791170976715,1791170874317
are.sinduja@ei.aeskills.in,1791211026786,1791210941000
arelli.hasini@ei.aeskills.in,1791186887263,1791186888000
arepogu.revanth@ei.aeskills.in,1791223692145,1791223693118
arige@ei.aeskills.in,1791185517819,1791185442000
arisha.gandham@ei.aeskills.in,1791190419558,1791190408000
arived.meena@ei.aeskills.in,1791181226606,1791181189856
ariyan56@ei.aeskills.in,1791211090246,1791211062660
arjun.kumar209@ei.aeskills.in,1791180991643,1791180986806
arjun.kumar217@ei.aeskills.in,,1791193260603
arjun.kumar239@ei.aeskills.in,1791177314021,1791177254882
arjun.meena13@ei.aeskills.in,1791177966121,1791177885548
arjun0930436@ei.aeskills.in,1791184343007,1791184338541
arjun0930468@ei.aeskills.in,1791192003323,1791191999740
arla.gayathri@ei.aeskills.in,1791191633988,1791191537000
arman.khan210@ei.aeskills.in,,1791208777000
arman.khan86@ei.aeskills.in,1791192003443,1791191961634
arpita.kumar4@ei.aeskills.in,1791182673943,1791182525790
arpita.kumar5@ei.aeskills.in,1791176736250,1791176695573
arpita.sen1@ei.aeskills.in,1791221203947,1791221170972
arpita97@ei.aeskills.in,1791199380479,1791199337756
arseeta.meghwal@ei.aeskills.in,1791176711542,1791176656587
arshid.khan1@ei.aeskills.in,1791191902946,1791191864986
arthi.sk@ei.aeskills.in,1791190850272,1791190726000
arti.rawat7@ei.aeskills.in,1791179552377,1791179509305
arti0930469@ei.aeskills.in,1791192806802,1791192677309
arun.karam@ei.aeskills.in,1791189005082,1791188946677
arun.kumar281@ei.aeskills.in,1791194959998,1791194888567
arun.kumar284@ei.aeskills.in,1791181695303,1791181695000
aruna.kodapa@ei.aeskills.in,1791193841836,1791193805000
aruna.madavi@ei.aeskills.in,1791194063245,1791194022561
arushi.kumari12@ei.aeskills.in,1791201550377,1791201484434
arvind.k4@ei.aeskills.in,1791199958737,1791199886982
arvind.kahar@ei.aeskills.in,1791184264343,1791184237894
arvind.kumar78@ei.aeskills.in,1791177129595,1791177001204
arvind.meghwal4@ei.aeskills.in,1791187209180,1791187017094
aryan.nagar1@ei.aeskills.in,1791184938794,1791184909315
aryan.saini3@ei.aeskills.in,,1791176792000
ashish.kumar245@ei.aeskills.in,1791174598510,1791174595757
ashish.mewada1@ei.aeskills.in,1791174946558,1791174867277
ashish.saini@ei.aeskills.in,,1791188972866
ashish.yogi@ei.aeskills.in,1791181876926,1791181873011
ashivitha.chittedi@ei.aeskills.in,1791193181184,1791193128058
ashiyana.bee@ei.aeskills.in,1791206351598,1791206313263
ashok.meena7@ei.aeskills.in,1791170792041,1791170713292
ashvin.khatik@ei.aeskills.in,1791193417551,1791193359271
ashvrya.k@ei.aeskills.in,1791208873822,1791208810000
ashwini.putta@ei.aeskills.in,1791192477157,1791192435854
ashwini.sidam@ei.aeskills.in,1791199169861,1791199117000
ashwitha.daravath@ei.aeskills.in,1791187824014,1791187758377
ashwitha.jeedipally@ei.aeskills.in,1791199875334,1791199806000
ashwitha.made@ei.aeskills.in,1791190007778,1791190008792
asifa.ualla@ei.aeskills.in,1791181372833,1791181267000
asim.khan1@ei.aeskills.in,1791206788879,1791206719586
aslam.khan15@ei.aeskills.in,1791199803351,1791199753357
aslam0930470@ei.aeskills.in,1791193044755,1791193039257
aswini.bhukya@ei.aeskills.in,1791197401536,1791197216559
aswith.lakavath@ei.aeskills.in,1791180208090,1791180167467
athram.krishnaveni@ei.aeskills.in,1791209656524,1791209600268
atul.meena2@ei.aeskills.in,1791183019531,1791182977602
avanthika.jadhav@ei.aeskills.in,1791194669653,1791194217350
avanthika.malkapuram@ei.aeskills.in,1791197634077,1791197564000
avanthika.mothi@ei.aeskills.in,1791198676303,1791198586000
avanthiki.padigela@ei.aeskills.in,1791191547433,1791191544187
avika.k3@ei.aeskills.in,1791176904313,1791176820000
ayan.khan40@ei.aeskills.in,1791195132751,1791195074816
ayodhya.kumari2@ei.aeskills.in,1791203178637,1791203116948
ayushi57@ei.aeskills.in,1791211326527,1791211298077
azmeera.harshitha1@ei.aeskills.in,1791191300071,1791191173871
azmeera.snehalatha@ei.aeskills.in,1791191570009,1791191570000
b.krishna5@ei.aeskills.in,1791195168424,1791194929000
b.praveen4@ei.aeskills.in,1791224213624,1791224214632
b.swaroop@ei.aeskills.in,1791197672934,1791197412493
babli.k5@ei.aeskills.in,1791200895870,1791200842000
bablu.k17@ei.aeskills.in,1791210901880,1791210870167
babu.bheel3@ei.aeskills.in,1791179177730,1791179156251
babu.gurjar8@ei.aeskills.in,1791189520587,1791189518421
babu.rawat7@ei.aeskills.in,1791202603971,1791202598560
babu.vanjam@ei.aeskills.in,1791186588642,1791186583718
babulal.gurjar2@ei.aeskills.in,1791169529500,1791169525078
babulal.gurjar3@ei.aeskills.in,1791169339859,1791169337278
badal.gurjar2@ei.aeskills.in,1791193130470,1791193081473
badal.k19@ei.aeskills.in,1791201684673,1791201633000
badal.k22@ei.aeskills.in,1791216523017,1791216518543
badavath.shilendhar@ei.aeskills.in,1791205005982,1791205006000
badavath.sindhu2@ei.aeskills.in,1791184346749,1791184189000
badavath.vasanthi@ei.aeskills.in,1791192940942,1791192861326
badhavath.dinesh@ei.aeskills.in,1791203072293,1791203073340
baindla1@ei.aeskills.in,1791176481942,1791176379000
baindla3@ei.aeskills.in,1791183803878,1791183743000
baindla4@ei.aeskills.in,1791182384452,1791182314000
baindla@ei.aeskills.in,1791174525430,1791174444000
bakki@ei.aeskills.in,1791181141510,1791181052000
bal.krishan17@ei.aeskills.in,1791174437540,1791174341911
bal.mukund2@ei.aeskills.in,1791177956060,1791177584633
balveer.k3@ei.aeskills.in,1791174888470,1791174886464
banavath.srivardhini@ei.aeskills.in,1791191993566,1791191921450
bandaram@ei.aeskills.in,1791184790381,1791184715000
bandary.sri@ei.aeskills.in,1791188979669,1791188817688
bandugula@ei.aeskills.in,1791185077101,1791184997000
bangaram.banoth@ei.aeskills.in,1791175974459,1791175901000
banoth.akhila6@ei.aeskills.in,1791192744154,1791192677644
banoth.akshitha7@ei.aeskills.in,1791195823680,1791195755957
banoth.aksitha@ei.aeskills.in,1791197819744,1791197691000
banoth.anjali12@ei.aeskills.in,1791197929991,1791197886000
banoth.archana10@ei.aeskills.in,1791184114120,1791184049000
banoth.arundhathi@ei.aeskills.in,1791183135439,1791183090011
banoth.bindhu4@ei.aeskills.in,1791188303253,1791188249722
banoth.durga@ei.aeskills.in,1791182866827,1791182826136
banoth.jeesika@ei.aeskills.in,1791196206447,1791196130891
banoth.keerthana2@ei.aeskills.in,1791197690645,1791197630809
banoth.krithika@ei.aeskills.in,1791189274217,1791189075553
banoth.lavanya4@ei.aeskills.in,1791193505885,1791193387761
banoth.madhavi1@ei.aeskills.in,1791194948329,1791194884000
banoth.mahitha@ei.aeskills.in,1791193985609,1791193741000
banoth.nadhini@ei.aeskills.in,1791193657484,1791193553000
banoth.nithya1@ei.aeskills.in,1791194377358,1791194317775
banoth.pavani6@ei.aeskills.in,,1791188683000
banoth.priya@ei.aeskills.in,1791180434582,1791180351877
banoth.sangeetha1@ei.aeskills.in,1791189526335,1791189320563
banoth.sravani3@ei.aeskills.in,,1791188611000
banoth.sudhiksha@ei.aeskills.in,1791194439312,1791194292897
banoth.sumathi@ei.aeskills.in,1791185248294,1791185140000
banoth.tejashwini1@ei.aeskills.in,1791194123857,1791194073000
banoth.vennela4@ei.aeskills.in,1791196480749,1791196436000
banoth.viharika@ei.aeskills.in,1791179961651,1791179806000
barre.venkateshwarlu@ei.aeskills.in,1791191546422,1791187791000
batthula.sharlina@ei.aeskills.in,,1791185871000
beena.jat@ei.aeskills.in,1791176674214,1791176666727
beena.k@ei.aeskills.in,1791210527459,1791210241000
begari.ravikumar@ei.aeskills.in,1791221908147,1791221909126
begari@ei.aeskills.in,1791176849106,1791176785000
bejjanki.adhyachohal@ei.aeskills.in,1791188688444,1791188689000
bhagawan.meena@ei.aeskills.in,1791169067974,1791169023254
bhagvandas.kumar3@ei.aeskills.in,1791201118209,1791201061314
bhagwan063015@ei.aeskills.in,1791196997067,1791196947000
bhagwati.k13@ei.aeskills.in,1791176005152,1791175916468
bhanupriya.ejumala@ei.aeskills.in,1791191140304,1791191041000
bharat.bharat3@ei.aeskills.in,1791172945053,1791172942741
bharat.kumar42@ei.aeskills.in,1791190989405,1791190942554
bharath.apka@ei.aeskills.in,1791188677412,1791188561057
bharkha.k1@ei.aeskills.in,1791191073805,1791190953935
bharti.kumari114@ei.aeskills.in,1791177739028,1791177679448
bharti0930437@ei.aeskills.in,1791184575839,1791184572645
bhavana23@ei.aeskills.in,1791199287372,1791199259554
bhavani.n3@ei.aeskills.in,1791178630221,1791178518000
bhavesh.nagar@ei.aeskills.in,1791194181792,1791194095000
bhavna.gurjar1@ei.aeskills.in,1791172621797,1791172585197
bhavna.malav1@ei.aeskills.in,1791176144973,1791175974236
bhavna.rawat@ei.aeskills.in,1791170674910,1791170643161
bhavna.yogi@ei.aeskills.in,1791173005816,1791172924044
bhavna78@ei.aeskills.in,1791204816378,1791204770085
bhawana.bhambhi@ei.aeskills.in,1791175152695,1791175148845
bhawana.bhawanamali@ei.aeskills.in,1791184446466,1791184443106
bhawana.gurjar3@ei.aeskills.in,1791190393962,1791190337000
bhawana.kumari31@ei.aeskills.in,1791204382083,1791204323208
bhawesh0930471@ei.aeskills.in,1791193334136,1791193327903
bheema.madakam1@ei.aeskills.in,1791197561338,1791197558513
bheemaraju.madavi1@ei.aeskills.in,1791183186251,1791183181403
bheemaraju.madavi@ei.aeskills.in,1791181649815,1791181646563
bheru.k@ei.aeskills.in,1791203227258,1791203191000
bholaram.megwal@ei.aeskills.in,1791206992332,1791206429000
bhukya.angel@ei.aeskills.in,1791190445806,1791190391000
bhukya.archana2@ei.aeskills.in,1791182142420,1791182081342
bhukya.aswini1@ei.aeskills.in,,1791190762665
bhukya.bindhu3@ei.aeskills.in,1791195589146,1791195492465
bhukya.deepika5@ei.aeskills.in,1791190132681,1791189964821
bhukya.harshapriya@ei.aeskills.in,1791196669314,1791196607351
bhukya.karthik4@ei.aeskills.in,1791203258752,1791203259810
bhukya.keerthana4@ei.aeskills.in,1791187026242,1791186713326
bhukya.krishanaveni@ei.aeskills.in,1791175120782,1791175020000
bhukya.manisha@ei.aeskills.in,1791196815167,1791196764000
bhukya.nandhini2@ei.aeskills.in,1791183986564,1791183905000
bhukya.navyasri@ei.aeskills.in,1791198163403,1791198087000
bhukya.niharika11@ei.aeskills.in,1791193437054,1791193288269
bhukya.pallavi1@ei.aeskills.in,1791197163090,1791197124000
bhukya.reshika@ei.aeskills.in,1791183385777,1791183254000
bhukya.roja2@ei.aeskills.in,1791196635818,1791196258328
bhukya.rushasri@ei.aeskills.in,1791183514210,1791183457000
bhukya.samruddhi@ei.aeskills.in,1791194595142,1791194528721
bhukya.sangeetha2@ei.aeskills.in,1791197469478,1791197413000
bhukya.saritha@ei.aeskills.in,1791190646466,1791190590425
bhukya.sindhiya@ei.aeskills.in,1791194212213,1791194149000
bhukya.sindhu10@ei.aeskills.in,1791194507170,1791194438000
bhukya.sravani2@ei.aeskills.in,1791194034628,1791193955000
bhukya.sri11@ei.aeskills.in,1791190491313,1791190434071
bhukya.varshasree@ei.aeskills.in,,1791175290049
bhukya.vennela@ei.aeskills.in,1791198307619,1791198267000
bhumika.k57@ei.aeskills.in,1791173698563,1791173605932
bhumika.rawat4@ei.aeskills.in,1791171525816,1791171498833
bhumisree.guduru@ei.aeskills.in,1791184674645,1791184627642
bhupendra.khushwah@ei.aeskills.in,1791181391272,1791181294657
bhuvika.daka@ei.aeskills.in,1791192292648,1791192188099
bindiya.k12@ei.aeskills.in,1791210450127,1791210341000
bindiya.rawat2@ei.aeskills.in,1791170362613,1791170319730
bismillah.k2@ei.aeskills.in,1791174605583,1791174560766
bittla.vinutna@ei.aeskills.in,1791193752398,1791193654455
bittu.madakam@ei.aeskills.in,1791198662919,1791198659881
biyanshu.gurjar@ei.aeskills.in,1791182529010,1791182503777
boda.akhila@ei.aeskills.in,1791190665972,1791190580066
boda.harika1@ei.aeskills.in,1791196628667,1791196559000
boda.jahnavi@ei.aeskills.in,1791197345020,1791197244000
boda.meghamala@ei.aeskills.in,1791191510060,1791191314000
boda.niharika1@ei.aeskills.in,1791182366104,1791182333510
boda.pradeepthi@ei.aeskills.in,1791199512440,1791199513492
boda.sri@ei.aeskills.in,1791193247829,1791193199545
boda.supriya@ei.aeskills.in,1791184242318,1791184177000
boda.swapna2@ei.aeskills.in,1791194805415,1791194739000
boda.yamini@ei.aeskills.in,1791195884724,1791195849000
boddu.lasya1@ei.aeskills.in,1791205771896,1791205773342
boddu.rupesh@ei.aeskills.in,1791176863198,1791176864233
bodelligari.adithya1@ei.aeskills.in,1791202924558,1791202925685
bora.varshasri@ei.aeskills.in,1791190096300,1791190057000
bormavath.harshitha@ei.aeskills.in,1791189566797,1791189408623
borra.kavya@ei.aeskills.in,1791188458594,1791188419559
borra.varnithasri@ei.aeskills.in,1791199903396,1791199868000
brajesh.k2@ei.aeskills.in,1791173996760,1791173991260
brajesh.k4@ei.aeskills.in,1791202262780,1791202223000
brhma42@ei.aeskills.in,1791200629425,1791200582212
brigesh.kumar1@ei.aeskills.in,1791185211264,1791185197002
brijesh0930472@ei.aeskills.in,1791193492743,1791193486768
budepalla.akash@ei.aeskills.in,1791195315749,1791195207000
bulbul.rawal@ei.aeskills.in,1791173269740,1791173139748
bunny.nupa@ei.aeskills.in,1791181639177,1791181574538
buram.laxmiprasanna@ei.aeskills.in,1791191445719,1791191360018
bushra.khan3@ei.aeskills.in,,1791210392000
bussa.prashanth@ei.aeskills.in,1791193984272,1791193807000
byagari1@ei.aeskills.in,1791179518021,1791179431000
byagari2@ei.aeskills.in,1791182121172,1791182011000
byagari@ei.aeskills.in,1791177429423,1791176903000
chaithra.banoth@ei.aeskills.in,1791193444091,1791193289000
chaithra.naiyini@ei.aeskills.in,1791194811169,1791194812140
chaitra.undela@ei.aeskills.in,1791182445299,1791182343000
chakati.abhinav1@ei.aeskills.in,1791203501358,1791203502406
challurkar.anjali@ei.aeskills.in,1791177873802,1791177874875
chalvatikari.nikhil@ei.aeskills.in,1791189211100,1791189212192
chamanthi1@ei.aeskills.in,1791183921532,1791183854000
chanchal.dhakad1@ei.aeskills.in,1791210809312,1791210743652
chanchal.k41@ei.aeskills.in,1791182684996,1791182668356
chandam.pet@ei.aeskills.in,1791174212820,1791174101230
chandana.a1@ei.aeskills.in,1791191404554,1791191237000
chandana.amgothu@ei.aeskills.in,,1791176553000
chandana.bhukya@ei.aeskills.in,1791183015002,1791182948466
chandana.bhuma@ei.aeskills.in,1791191156230,1791190953622
chandhini.bhoye@ei.aeskills.in,1791215469842,1791215399467
chandhu.murram@ei.aeskills.in,1791188878743,1791188740853
chandu.yetti@ei.aeskills.in,1791182510943,1791182508791
charan.muchika@ei.aeskills.in,1791180620012,1791180616408
charan.punem1@ei.aeskills.in,1791177437316,1791177334138
charitha.bhukya@ei.aeskills.in,1791191922939,1791191496457
cheemala.satwika@ei.aeskills.in,1791182297388,1791182141000
chetan.bheel@ei.aeskills.in,1791173463246,1791173329858
chetan088014@ei.aeskills.in,1791174720687,1791174536162
chetan58@ei.aeskills.in,1791211474140,1791211440665
chetlakadi@ei.aeskills.in,1791176259744,1791176188000
chetna.kumari58@ei.aeskills.in,1791173354899,1791173132650
chiku.k2@ei.aeskills.in,1791213868286,1791213843000
chiliveru.manvithasri@ei.aeskills.in,1791194166108,1791193603594
chinku.k@ei.aeskills.in,1791207552875,1791207549941
chinnubai.chikatai@ei.aeskills.in,1791192083801,1791192040000
chinta.meenakshi@ei.aeskills.in,1791195210804,1791195174000
chintu.sen@ei.aeskills.in,1791172949721,1791172721402
chithram.saniyamathi@ei.aeskills.in,1791191704551,1791191581719
chitransh.regar@ei.aeskills.in,1791189353121,1791188436084
chothmal.k@ei.aeskills.in,1791175072621,1791175068604
chotu.paddam@ei.aeskills.in,1791180870216,1791180866749
d.kumar3@ei.aeskills.in,1791197562936,1791197387000
d.praveen2@ei.aeskills.in,1791222149612,1791222150605
dagam.vamshi@ei.aeskills.in,1791187667430,1791187668482
daksheena.k@ei.aeskills.in,1791203357093,1791203305000
dalveer.rawat@ei.aeskills.in,1791178420141,1791178372821
damini.mehra@ei.aeskills.in,1791171699338,1791171472865
daramsothu.alakananda@ei.aeskills.in,1791192769074,1791192593000
daravath.sri@ei.aeskills.in,1791192531836,1791192443471
darmraj.gurjar@ei.aeskills.in,1791166482975,1791166397780
darpan79@ei.aeskills.in,1791204966333,1791204925217
das.raj@ei.aeskills.in,1791174113620,1791174081327
dasari.aaradhya@ei.aeskills.in,1791205186308,1791205186000
dasri.pavithra@ei.aeskills.in,1791196386012,1791196386710
ddivya833@ei.aeskills.in,1791199187211,1791199073227
deeksha.karroni@ei.aeskills.in,1791201666769,1791201594000
deekshith.orsu@ei.aeskills.in,1791190685499,1791190457000
deekshitha.p3@ei.aeskills.in,1791178460832,1791178377530
deepa.sahu1@ei.aeskills.in,1791174513903,1791174474812
deepa36@ei.aeskills.in,1791166664187,1791166632903
deepak.bairwa8@ei.aeskills.in,1791188179809,1791188158572
deepak.berva@ei.aeskills.in,1791169844407,1791169842583
deepak.meena20@ei.aeskills.in,1791171995339,1791171844027
deepak.meena25@ei.aeskills.in,1791191579034,1791191493698
deepika.k165@ei.aeskills.in,1791190329152,1791190261802
deepika.porsetty@ei.aeskills.in,1791195063481,1791195064204
deepika.rathod2@ei.aeskills.in,1791174043782,1791173985000
deepthi.yanaka@ei.aeskills.in,1791214461663,1791214404656
deepu59@ei.aeskills.in,1791211652312,1791211599164
deeraj.b@ei.aeskills.in,1791182779264,1791182733412
deevan.gurjar555@ei.aeskills.in,1791178373432,1791178331233
dev063016@ei.aeskills.in,1791197154685,1791197092000
deva.muchika@ei.aeskills.in,1791200508049,1791200504195
devaki.banoth@ei.aeskills.in,1791196849165,1791196622001
devansh.baragi@ei.aeskills.in,1791190630104,1791190557416
devanshi.kahar1@ei.aeskills.in,1791179157142,1791178937026
devanshi.kumari9@ei.aeskills.in,1791191225951,1791191189185
devanshi.singh6@ei.aeskills.in,1791171800946,1791171801000
devanshi13@ei.aeskills.in,1791196596347,1791196544068
devaraj.mahaashwith@ei.aeskills.in,1791189305011,1791189306111
devendra.choudhary2@ei.aeskills.in,1791174489400,1791174437624
devesh80@ei.aeskills.in,1791174146428,1791174042796
devika.bhukya2@ei.aeskills.in,1791181688526,1791181652000
devika.kumari8@ei.aeskills.in,1791195684554,1791195412000
devika.rawat1@ei.aeskills.in,1791173994188,1791173994000
devkaran063017@ei.aeskills.in,1791197307483,1791197257000
devraj.k14@ei.aeskills.in,1791179642222,1791179634558
devraj.k16@ei.aeskills.in,1791190143596,1791190083000
devraj.kumar36@ei.aeskills.in,,1791213933343
devraj.meena14@ei.aeskills.in,1791187751600,1791187720778
devraj0350144@ei.aeskills.in,1791184141653,1791184080735
devraj063018@ei.aeskills.in,1791197444942,1791197388000
devraj063019@ei.aeskills.in,1791197597056,1791197540000
devraj81@ei.aeskills.in,1791183000532,1791182283559
devsh.gurjar@ei.aeskills.in,1791201584598,1791201578227
dhadhepogu.harshithkumar@ei.aeskills.in,1791223981215,1791223982125
dhandem.avanthika@ei.aeskills.in,1791186680609,1791185859000
dhapu.bai49@ei.aeskills.in,1791174371413,1791174327845
dhapu.bai50@ei.aeskills.in,1791174904224,1791174861087
dharamwati.bhuralal@ei.aeskills.in,1791170986694,1791170890198
dharavath.gouthami@ei.aeskills.in,1791194780399,1791194423899
dharavath.mallika@ei.aeskills.in,1791189758775,1791189667962
dharmichand.gurjar@ei.aeskills.in,1791169531386,1791169529413
dharmraj.k11@ei.aeskills.in,1791194185039,1791194087174
dharmraj.k16@ei.aeskills.in,1791207549269,1791207508000
dheeraj.meghwal1@ei.aeskills.in,1791179834438,1791179761480
dheeraj.meghwal@ei.aeskills.in,1791179107294,1791179029757
dhomraj.gurjar@ei.aeskills.in,1791169766166,1791169762848
dhonisathvik.madakam@ei.aeskills.in,1791186061192,1791185974983
dhramraj.kumar@ei.aeskills.in,1791171257478,1791171065415
dhrma60@ei.aeskills.in,1791211893247,1791211827233
dikasha.kumari3@ei.aeskills.in,1791173742214,1791173607164
diksha.k69@ei.aeskills.in,1791201531553,1791201479000
diksha.kumari239@ei.aeskills.in,1791214413017,1791214354129
diksha.kumari249@ei.aeskills.in,1791203681162,1791203625853
diksha.kumari285@ei.aeskills.in,,1791165850000
diksha.kumari296@ei.aeskills.in,1791187457386,1791187407468
diksha.nagar1@ei.aeskills.in,1791177919551,1791177916683
diksha0350138@ei.aeskills.in,1791181928415,1791181881338
diksha07001120@ei.aeskills.in,1791205502468,1791205451467
dilip.kahar1@ei.aeskills.in,1791183259837,1791183226288
dilkhush.choudhary1@ei.aeskills.in,1791178874763,1791178809607
dilkhush.gurjar10@ei.aeskills.in,1791191303122,1791191242161
dilkhush.jeliya@ei.aeskills.in,1791170526541,1791170524002
dilkhush.rawat36@ei.aeskills.in,1791201532259,1791201528737
dilkhush0350139@ei.aeskills.in,1791182188150,1791182148484
dilkhush0930438@ei.aeskills.in,1791184727717,1791184723122
dilkhush37@ei.aeskills.in,1791207276345,1791207245990
dilkush.gurjar5@ei.aeskills.in,1791190370189,1791190303024
dilkush.k41@ei.aeskills.in,1791216147702,1791216140154
dilkush.k7@ei.aeskills.in,1791180338426,1791180335848
dilkush0630177@ei.aeskills.in,1791195456441,1791195388000
dilkush07001121@ei.aeskills.in,1791205870072,1791205751235
dimple.k23@ei.aeskills.in,1791178322603,1791178271118
dina61@ei.aeskills.in,1791212113373,1791212077681
dinesh.bairwa1@ei.aeskills.in,1791181854286,1791181848656
dinesh.dewada@ei.aeskills.in,1791178808245,1791178805010
dinesh.gundi@ei.aeskills.in,1791184724341,1791184678299
dinesh.k14@ei.aeskills.in,1791200340973,1791200271151
dinesh.kanithi@ei.aeskills.in,,1791182407785
dineshkumar.kalluri@ei.aeskills.in,1791188480548,1791188440606
dipak.kumar37@ei.aeskills.in,1791178352948,1791178313946
dipak.singh1@ei.aeskills.in,1791204356254,1791204354440
dipesh.k7@ei.aeskills.in,1791202359228,1791202317000
dipesh.kumar28@ei.aeskills.in,1791180929261,1791180925058
dipika.goyar@ei.aeskills.in,1791184142841,1791184141476
dipika.k43@ei.aeskills.in,1791214413256,1791214411707
dipika.kumari43@ei.aeskills.in,1791196188814,1791196061000
divanshu.meena1@ei.aeskills.in,1791219457963,1791219416239
divisha0630178@ei.aeskills.in,1791195619432,1791195558000
divya.ade@ei.aeskills.in,1791191760983,1791191755539
divya.k225@ei.aeskills.in,1791174425730,1791174376227
divya.k236@ei.aeskills.in,1791216269261,1791216266569
divya.k82@ei.aeskills.in,1791183160442,1791183092000
divya.kanithi@ei.aeskills.in,1791188150060,1791188147532
divya.kumari2103@ei.aeskills.in,1791211286162,1791210892000
divya.meena10@ei.aeskills.in,1791219329645,1791219269554
divya.meena36@ei.aeskills.in,1791214722454,1791214670327
divya.meena5@ei.aeskills.in,1791222847291,1791222812418
divya.meena6@ei.aeskills.in,1791220878701,1791220841376
divya.meena9@ei.aeskills.in,1791222436816,1791222400262
divya.megwal3@ei.aeskills.in,1791176482160,1791175800000
divya.sonari@ei.aeskills.in,1791188191636,1791187684000
divya.vaishnav3@ei.aeskills.in,1791172655816,1791172653036
divya244@ei.aeskills.in,1791199402125,1791199365928
divyansh.meena17@ei.aeskills.in,1791182973071,1791182956505
divyanshi.choudhary1@ei.aeskills.in,1791180861151,1791180856890
divyanshi0350136@ei.aeskills.in,1791181679723,1791181650192
divyanshi0350149@ei.aeskills.in,1791185232782,1791185200747
diya.gurjar5@ei.aeskills.in,1791179616137,1791179438017
diya.meena2@ei.aeskills.in,1791221676045,1791221641607
diya.meena32@ei.aeskills.in,1791182189612,1791182163833
doba.manasa@ei.aeskills.in,1791182529180,1791182488000
doli.rithwik@ei.aeskills.in,1791193366089,1791193359828
doli.saini2@ei.aeskills.in,1791182600954,1791182387876
doli.saini@ei.aeskills.in,1791187548971,1791187457744
drishti.choudhary1@ei.aeskills.in,1791179233380,1791179231068
durga.k38@ei.aeskills.in,1791205134023,1791205089527
durga30@ei.aeskills.in,1791199507377,1791199476830
durgam.dayanand@ei.aeskills.in,1791187245612,1791187246690
durgesh062011@ei.aeskills.in,1791195472479,1791195334636
dushyant.choudhary1@ei.aeskills.in,1791182637327,1791182635212
dushyant84@ei.aeskills.in,1791183345868,1791183310039
e.shankar@ei.aeskills.in,1791197612992,1791197380000
eddu1@ei.aeskills.in,1791182506820,1791182435000
eesala.sunandha@ei.aeskills.in,1791189965880,1791189430000
ekata.gurjar@ei.aeskills.in,1791173584826,1791173553712
erap.satwika@ei.aeskills.in,1791189768455,1791189655027
erikilla.vidhyavardhini@ei.aeskills.in,1791188184790,1791188186063
esha.perumalla@ei.aeskills.in,1791182713378,1791182645000
eshitha.gadiya@ei.aeskills.in,1791183943352,1791183826264
eshwar.manjala@ei.aeskills.in,1791188736012,1791188629000
eslavath.kalyani1@ei.aeskills.in,1791182270375,1791182226832
ethmabai.madavi1@ei.aeskills.in,1791199271771,1791199201000
ethmabai.madavi@ei.aeskills.in,1791199106624,1791199012000
faran.khan6@ei.aeskills.in,1791192655096,1791192610058
farjana.k9@ei.aeskills.in,,1791210089000
fejan.k6@ei.aeskills.in,1791204039452,1791204036345
fejan.khan5@ei.aeskills.in,1791193038232,1791192995342
fijail.khan@ei.aeskills.in,1791192536531,1791192497152
fijan.khan@ei.aeskills.in,1791189300359,1791189251947
firoj.khan7@ei.aeskills.in,,1791209523000
g.ashwin2@ei.aeskills.in,1791193984132,1791193840417
g.rohith1@ei.aeskills.in,1791195695176,1791195454914
gaddaraju.revanth1@ei.aeskills.in,1791203211193,1791203212303
gagana.omakka@ei.aeskills.in,1791196955358,1791196836000
gajendra.gajendra@ei.aeskills.in,1791174318926,1791174317100
ganesh.kalveliya@ei.aeskills.in,1791178858962,1791178312165
ganesh.s4@ei.aeskills.in,1791192244914,1791192160673
ganesh.sonde@ei.aeskills.in,1791178632342,1791178569688
ganesh.veera@ei.aeskills.in,,1791180285187
ganga.madavi@ei.aeskills.in,1791181777238,1791181773372
ganga.sodi@ei.aeskills.in,1791180978081,1791180974886
gangabhavani.korsa@ei.aeskills.in,1791215207634,1791215112036
gangadar.nayak@ei.aeskills.in,1791206292745,1791206240890
gangadhari1@ei.aeskills.in,1791174818096,1791174739000
gangadhari2@ei.aeskills.in,1791182768754,1791182711481
gangadhari@ei.aeskills.in,1791174383610,1791174275000
gangithri.malavath@ei.aeskills.in,1791189214586,1791188958000
gangothri.banavath1@ei.aeskills.in,1791181948048,1791181888000
gangothri.kodapa@ei.aeskills.in,1791196142037,1791195740000
ganiniboina.supriya@ei.aeskills.in,1791193200484,1791193090977
garima.meena1@ei.aeskills.in,1791218253510,1791218222723
gatla1@ei.aeskills.in,1791176120436,1791175560000
gaurikumari.nat@ei.aeskills.in,1791215376061,1791215373413
gautam.bairwa1@ei.aeskills.in,1791177061524,1791176964000
gautam0630179@ei.aeskills.in,1791195812905,1791195750000
gayathri.abbolla@ei.aeskills.in,1791188999744,1791188887000
gayatri.k56@ei.aeskills.in,1791175125583,1791175057204
gayatri.kumari15@ei.aeskills.in,1791202947036,1791202424933
gayatri38@ei.aeskills.in,1791207441186,1791207412141
gayetri.regar@ei.aeskills.in,1791182097096,1791181950658
geetha.devasoth@ei.aeskills.in,1791187977425,1791187928470
geetha.kamari@ei.aeskills.in,1791195267291,1791195268332
geetha.onamala@ei.aeskills.in,1791181203293,1791180754000
gngnloth.chandana@ei.aeskills.in,1791182930994,1791182646979
godhala@ei.aeskills.in,1791177568305,1791177478000
godugu@ei.aeskills.in,1791184182458,1791184117000
gollapally@ei.aeskills.in,1791183691359,1791183616000
gopal31@ei.aeskills.in,1791199652628,1791199604398
gopali.srihari@ei.aeskills.in,1791195800517,1791195605196
gorakh.nagar@ei.aeskills.in,1791190545133,1791190487000
gorav09901155@ei.aeskills.in,1791184645475,1791184622041
gorav43@ei.aeskills.in,1791200742053,1791200703404
gori.gori2@ei.aeskills.in,1791173579383,1791173520436
gori.gori@ei.aeskills.in,1791183484400,1791183437037
gouni.jashwanth1@ei.aeskills.in,1791202763811,1791202765002
gouri.rawat4@ei.aeskills.in,1791183766033,1791183754112
gouthami.bhukya1@ei.aeskills.in,1791176335552,1791176261367
gouthami.jadhav@ei.aeskills.in,1791193864926,1791193858954
gouthami.nalla@ei.aeskills.in,1791190204294,1791190069000
govind.kumar58@ei.aeskills.in,1791182000892,1791181871142
govind.kumar84@ei.aeskills.in,1791174240520,1791174202320
gsravan.kumar@ei.aeskills.in,1791222361321,1791222362289
guduri@ei.aeskills.in,1791177950837,1791177863000
gugulavath.hashwitha@ei.aeskills.in,1791191001891,1791190907452
guguloth.akshara2@ei.aeskills.in,1791192150482,1791192082145
guguloth.alakanandha@ei.aeskills.in,1791190669663,1791190627000
guguloth.anusha4@ei.aeskills.in,1791195736609,1791195701000
guguloth.ashini@ei.aeskills.in,1791186595089,1791186438584
guguloth.ashwini1@ei.aeskills.in,1791184892831,1791184509000
guguloth.balamani@ei.aeskills.in,1791186454338,1791186171000
guguloth.bhanu@ei.aeskills.in,1791195341476,1791195305000
guguloth.geetha@ei.aeskills.in,1791201006202,1791200966000
guguloth.laxmi@ei.aeskills.in,1791191239618,1791191147000
guguloth.manesha@ei.aeskills.in,1791183682269,1791183598000
guguloth.mounika@ei.aeskills.in,1791188690785,1791187534770
guguloth.nagavalli@ei.aeskills.in,1791204268242,1791204228396
guguloth.nandhitha@ei.aeskills.in,1791197148814,1791197028181
guguloth.renuka@ei.aeskills.in,1791179657107,1791179414000
guguloth.saraya@ei.aeskills.in,1791181126105,1791181064500
guguloth.seetha@ei.aeskills.in,1791201148534,1791201092000
guguloth.shanwi@ei.aeskills.in,1791185060852,1791184981000
guguloth.sneha1@ei.aeskills.in,1791190958202,1791190731000
guguloth.soniya@ei.aeskills.in,1791190324800,1791190221000
guguloth.sravani4@ei.aeskills.in,1791181886811,1791181599449
guguloth.sravanthi@ei.aeskills.in,1791189123815,1791189024000
guguloth.swapna1@ei.aeskills.in,1791179103634,1791179002820
gugulothu.pavani@ei.aeskills.in,1791190528240,1791190234703
gugulothu.sankeerthana@ei.aeskills.in,1791189861337,1791189709405
gugulothu.sindhu@ei.aeskills.in,1791196861536,1791196760082
gugulothu.vanitha@ei.aeskills.in,1791198031901,1791197994000
gulshan.kumar62@ei.aeskills.in,1791183809267,1791183723780
gulshan.suman@ei.aeskills.in,1791184841377,1791184817695
gummadi.sri1@ei.aeskills.in,1791180895191,1791180765554
gunjan.k124@ei.aeskills.in,1791175793322,1791175726034
gunjan.meena3@ei.aeskills.in,1791221559887,1791221527651
gunjan.regar2@ei.aeskills.in,1791189300653,1791189297835
guothami.guguloth1@ei.aeskills.in,1791182840597,1791182753000
gurudev.madakam@ei.aeskills.in,1791190802620,1791190799107
guruprasad0350145@ei.aeskills.in,1791184435208,1791184285690
h.anand@ei.aeskills.in,1791194566660,1791194309000
h.kumar@ei.aeskills.in,1791197750428,1791197334000
halavath.sanjana2@ei.aeskills.in,1791180667128,1791180594825
ham088018@ei.aeskills.in,1791176212304,1791176206366
hans.kumar2@ei.aeskills.in,1791203174124,1791203101361
hansika.kumari6@ei.aeskills.in,1791176962766,1791176954748
hansraj100@ei.aeskills.in,1791199810870,1791199773728
hanvitha.buddhi@ei.aeskills.in,1791181805758,1791181758561
hardik.songara@ei.aeskills.in,1791211543614,1791211470000
harijana.levi@ei.aeskills.in,1791194111387,1791194112183
harika.matta@ei.aeskills.in,1791188975667,1791188973638
harika.tejavath@ei.aeskills.in,1791181627764,1791181514362
harika.thakkalla@ei.aeskills.in,1791184878028,1791184830283
harini.rendla@ei.aeskills.in,1791181820362,1791181762000
hariom.bagri1@ei.aeskills.in,1791216570226,1791216527162
hariom.bagri@ei.aeskills.in,1791213193199,1791213156475
hariom.k38@ei.aeskills.in,1791204843401,1791204803000
hariom44@ei.aeskills.in,1791200889177,1791200844653
haripriya.lingapally@ei.aeskills.in,1791202179789,1791202110000
harish.k42@ei.aeskills.in,1791202755338,1791202715000
harismitha.gudem@ei.aeskills.in,1791198311703,1791198256000
harsh.kirad@ei.aeskills.in,1791213762312,1791213699553
harsha.bheel@ei.aeskills.in,1791211730187,1791211694977
harsha.gundi@ei.aeskills.in,1791184841935,1791184789231
harshavardhan.boggam@ei.aeskills.in,1791179211019,1791178965273
harshavardhan.degavath@ei.aeskills.in,1791183147116,1791183053395
harshavardhan.pusam@ei.aeskills.in,1791190460184,1791190418315
harshavardhan.sonde@ei.aeskills.in,1791176495113,1791176459495
harshini.bhukya1@ei.aeskills.in,1791181365884,1791181318000
harshini.devarakonda@ei.aeskills.in,1791184367041,1791184319000
harshini.rathod1@ei.aeskills.in,1791198218813,1791198115000
harshini.vankdoth1@ei.aeskills.in,1791190107395,1791189946739
harshit.meena3@ei.aeskills.in,1791220978022,1791220978000
harshit.saini7@ei.aeskills.in,1791181409673,1791180944553
harshita.k61@ei.aeskills.in,1791201623246,1791201562000
harshita.meena14@ei.aeskills.in,1791187917425,1791187895485
harshita.sen3@ei.aeskills.in,1791183242042,1791183240631
harshita85@ei.aeskills.in,1791183594855,1791183498681
harshitha.p7@ei.aeskills.in,1791176888981,1791176870635
harshitha.soyam@ei.aeskills.in,1791200234505,1791199584988
hashasri.pathukula@ei.aeskills.in,1791202064510,1791201976000
hayathi.nunavath@ei.aeskills.in,1791176145285,1791176072000
hema.k28@ei.aeskills.in,1791208258684,1791208206000
hema.konasatti@ei.aeskills.in,1791197095994,1791196926462
hema.meena@ei.aeskills.in,1791176332642,1791176216544
hemalatha.tejavath@ei.aeskills.in,1791180216773,1791180107383
hemant.bagri@ei.aeskills.in,1791213485055,1791213436169
hemant.nagar2@ei.aeskills.in,1791189633498,1791189585000
hemant.saini2@ei.aeskills.in,1791178756843,1791178035898
hemanth.badavath1@ei.aeskills.in,1791187613050,1791187570112
hemanth.punem@ei.aeskills.in,1791183115474,1791183043895
hemanthsingh.sambari@ei.aeskills.in,1791179994989,1791179841352
hemlata.gurjar1@ei.aeskills.in,1791187582986,1791187481683
hemlata.kumari31@ei.aeskills.in,1791193043465,1791192924533
hemlata.kumari9@ei.aeskills.in,1791184168979,1791183961821
hemraj.gurjar10@ei.aeskills.in,1791171048528,1791171045631
hemraj.megwal@ei.aeskills.in,1791191714444,1791191655686
hemraj.singh8@ei.aeskills.in,1791197073315,1791197070810
herrakumra.nagamani@ei.aeskills.in,1791214357358,1791214328808
himaanshu.meena@ei.aeskills.in,1791182915945,1791182882288
himani.suman@ei.aeskills.in,1791189691291,1791189653859
himanshi.nagina@ei.aeskills.in,1791202452545,1791202449355
himanshi088015@ei.aeskills.in,1791175126284,1791175125980
himanshu.gurjar4@ei.aeskills.in,1791189532930,1791189485364
himanshu.gurjar8@ei.aeskills.in,1791189796950,1791189716997
himanshu.meena51@ei.aeskills.in,1791184232386,1791184220332
himanshu088016@ei.aeskills.in,1791175528833,1791175526772
himanshuu45@ei.aeskills.in,1791201049402,1791201006701
hitesh.meena4@ei.aeskills.in,1791216694312,1791216654504
hujjat088017@ei.aeskills.in,1791176119290,1791176029201
imran.k22@ei.aeskills.in,1791199525506,1791199478081
imran.kathat4@ei.aeskills.in,1791202937567,1791202933773
indanpally.madhuravani@ei.aeskills.in,1791186039116,1791185963792
indar.singh@ei.aeskills.in,1791200731411,1791200728655
indhu.vasam@ei.aeskills.in,1791216950884,1791216885356
indhupriya.kunsoth@ei.aeskills.in,1791175827452,1791175774000
indra.ada@ei.aeskills.in,1791181800997,1791181746356
ishana.bee@ei.aeskills.in,1791195482505,1791195376040
ishika0350150@ei.aeskills.in,1791185353479,1791185317357
ishika14@ei.aeskills.in,1791196781863,1791196701835
ishita.bairwa@ei.aeskills.in,1791169757673,1791169716189
ishita.meena1@ei.aeskills.in,1791223513674,1791223499768
ishvar.singh2@ei.aeskills.in,1791172321039,1791172321000
ishwar.bheel1@ei.aeskills.in,1791204005924,1791203959091
ishwar.mewada@ei.aeskills.in,1791206480248,1791206445304
ishwar101@ei.aeskills.in,1791199944127,1791199908709
ishwarya.battu@ei.aeskills.in,1791191476541,1791191459000
j.santosh@ei.aeskills.in,1791195401785,1791194632000
jadi.ashrith@ei.aeskills.in,1791188237490,1791188238521
jagadish.amgoth@ei.aeskills.in,1791182806032,1791181943512
jagadish.guguloth1@ei.aeskills.in,,1791191206385
jagadish.ramavath@ei.aeskills.in,1791180686440,1791180621675
jagdevapal.gurjar@ei.aeskills.in,1791187965899,1791187863366
jagga@ei.aeskills.in,1791182238049,1791182171000
jahara.bee@ei.aeskills.in,1791189470808,1791189406337
jainab.bano10@ei.aeskills.in,1791171590471,1791171586144
jainab.k9@ei.aeskills.in,1791173204226,1791173160953
jaint.regar553@ei.aeskills.in,1791180878774,1791180842449
jaiprakash.sen@ei.aeskills.in,1791173327154,1791173323037
jaisri.chikram@ei.aeskills.in,,1791180473000
jalela@ei.aeskills.in,1791175225590,1791175151000
jampanna.kaka1@ei.aeskills.in,1791182093876,1791182054035
jampanna.madakam@ei.aeskills.in,1791184368577,1791184273436
janavi.guguloth@ei.aeskills.in,1791194955446,1791194843629
janga.sameera@ei.aeskills.in,1791200783714,1791200784000
jangam@ei.aeskills.in,1791182904353,1791182838000
jannat.k18@ei.aeskills.in,1791176566801,1791176514843
jarupula.shruthi@ei.aeskills.in,1791191847753,1791191673319
jarupula.srinithya@ei.aeskills.in,1791196532832,1791196469976
jasmitha.resu@ei.aeskills.in,1791187124440,1791187121852
jasvanth.gundi@ei.aeskills.in,1791184482852,1791184440459
jasvanth.payam@ei.aeskills.in,1791177239272,1791177179326
jaswant.singh9@ei.aeskills.in,1791174581635,1791174579669
jaswant0930439@ei.aeskills.in,1791184887084,1791184883024
jatin062012@ei.aeskills.in,1791195854041,1791195663991
jatoth.sangeetha@ei.aeskills.in,1791194935425,1791194904000
jaya.dhakad1@ei.aeskills.in,1791211873063,1791211825199
jayadeep.payam@ei.aeskills.in,1791177992597,1791177924280
jeedipally@ei.aeskills.in,1791181322577,1791181220000
jeevan.jogi@ei.aeskills.in,1791173681382,1791173676929
jeevani.veetti@ei.aeskills.in,1791190705176,1791190702526
jessica.ade@ei.aeskills.in,1791190598812,1791190578000
jessica.shanam@ei.aeskills.in,1791199521170,1791199436000
jessika.padala@ei.aeskills.in,1791177744081,1791177657000
jessika.pandru@ei.aeskills.in,1791189215560,1791189213469
jessika.rayala@ei.aeskills.in,1791203594549,1791203591832
jessivardhan.sonde@ei.aeskills.in,1791181778743,1791181702353
jhansirani.banoth@ei.aeskills.in,1791188835028,1791188513783
jhon.madakam@ei.aeskills.in,1791200959713,1791200955950
jhonpaul.a@ei.aeskills.in,1791194845674,1791194335000
jhonson.sode@ei.aeskills.in,1791200703011,1791200698940
jhoshna.vadthya@ei.aeskills.in,1791192739018,1791192631991
jigar.kumar21@ei.aeskills.in,1791182378132,1791182107137
jigyasa.kahar@ei.aeskills.in,1791183497268,1791183469110
jitendra.singh19@ei.aeskills.in,1791176658600,1791176646081
jitendra0930440@ei.aeskills.in,1791185024240,1791185018636
jitesh.gurjat@ei.aeskills.in,1791170838454,1791170834975
jivan.bheel@ei.aeskills.in,1791196616354,1791196532000
jiya.gurjar1@ei.aeskills.in,1791181090726,1791180982029
jiya.jiya9@ei.aeskills.in,1791182260552,1791182211484
jiya.khushwah@ei.aeskills.in,1791180936357,1791180841411
joga.koram@ei.aeskills.in,1791182647607,1791182644602
joga.yetti@ei.aeskills.in,1791190134724,1791190132381
jogaiah.sode@ei.aeskills.in,1791187543303,1791187539913
joggani@ei.aeskills.in,1791183440261,1791183360000
joggari1@ei.aeskills.in,1791177812439,1791177745000
joggari@ei.aeskills.in,1791175506399,1791175430000
joshna.t@ei.aeskills.in,,1791190034655
joya.bee4@ei.aeskills.in,1791188531691,1791188484895
joya.k42@ei.aeskills.in,1791176901200,1791176859626
jsa0930473@ei.aeskills.in,1791202934567,1791202928997
jyoshna.jyoshna1@ei.aeskills.in,1791178855095,1791178833938
jyothi.g4@ei.aeskills.in,1791177225164,1791177140834
jyothi.komaram@ei.aeskills.in,1791186897601,1791186887819
jyothi.varthyavath@ei.aeskills.in,1791197858197,1791197753000
jyothika.madavi@ei.aeskills.in,1791196518493,1791196467549
jyothsna.pittala@ei.aeskills.in,1791202730148,1791202727608
jyoti.biramchand@ei.aeskills.in,1791171406218,1791171333752
jyoti.jyoti6@ei.aeskills.in,1791174604436,1791174528228
jyoti.k169@ei.aeskills.in,1791174428983,1791174366210
jyoti.k185@ei.aeskills.in,1791192927778,1791192924375
jyoti.ramdayal@ei.aeskills.in,1791173678655,1791173620447
k.aravind4@ei.aeskills.in,1791194816528,1791194323000
k.govardhan@ei.aeskills.in,1791193909750,1791193480000
k.kumar6@ei.aeskills.in,1791197700893,1791197348000
k.srija@ei.aeskills.in,,1791186510000
kadasu.chaitrika@ei.aeskills.in,1791192939908,1791192721041
kajal.kajal4@ei.aeskills.in,1791176864757,1791176828916
kajal.kumari561@ei.aeskills.in,1791177487226,1791177477551
kaka.ramalaxmi@ei.aeskills.in,1791188393693,1791188287351
kalakota.shanvi@ei.aeskills.in,1791189186569,1791189187671
kalam.keerthana@ei.aeskills.in,1791183465960,1791183140722
kalam.poojitha@ei.aeskills.in,1791190637568,1791190531639
kalam.vyshnavi@ei.aeskills.in,1791193817528,1791193719716
kallepu@ei.aeskills.in,1791180886041,1791180326000
kalluri.sathvika@ei.aeskills.in,1791201435869,1791201359000
kalpana.guguloth1@ei.aeskills.in,1791183087965,1791183030000
kalpana.k28@ei.aeskills.in,1791182597785,1791182556974
kalpana.kelothu@ei.aeskills.in,1791180189902,1791180074275
kalpana15@ei.aeskills.in,1791196950932,1791196884966
kalu.mevada@ei.aeskills.in,1791168750538,1791168522729
kalu0930474@ei.aeskills.in,1791207421596,1791207416683
kaluva.udhaysahas@ei.aeskills.in,1791195199456,1791194246000
kalvala.manashwini@ei.aeskills.in,1791187270293,1791187271336
kalyani.chiti@ei.aeskills.in,1791196612256,1791196585038
kamal.babulal@ei.aeskills.in,1791170740245,1791170599801
kamal.kishor21@ei.aeskills.in,1791176371113,1791176364891
kamal.komal@ei.aeskills.in,1791191552416,1791191497888
kamal.rawat2@ei.aeskills.in,1791200737751,1791200735139
kamalesh.singh1@ei.aeskills.in,1791202213277,1791202207831
kamble.adithya@ei.aeskills.in,,1791194490000
kamlesh.gurjar22@ei.aeskills.in,1791174469182,1791174378388
kamlesh.kamlesh3@ei.aeskills.in,1791172685683,1791172632313
kamlesh.regar2@ei.aeskills.in,1791180469745,1791180465775
kamli.k@ei.aeskills.in,1791180356362,1791180353166
kana39@ei.aeskills.in,1791207584677,1791207555697
kanak.saini2@ei.aeskills.in,1791182372819,1791182012055
kanchan0930441@ei.aeskills.in,1791185286372,1791185282781
kangar@ei.aeskills.in,1791185787993,1791185722000
kanhiram26@ei.aeskills.in,1791199631037,1791199581630
kanish.sen@ei.aeskills.in,1791182326155,1791182324206
kanishka.kanisy@ei.aeskills.in,1791179568313,1791179521166
kanishka.seni@ei.aeskills.in,1791206742380,1791206739920
kanithi.maneela@ei.aeskills.in,1791198547375,1791198435000
kankanala2@ei.aeskills.in,1791183297538,1791183219000
kanthii.vaishnavii@ei.aeskills.in,1791182327378,1791182248225
kapil.kumar48@ei.aeskills.in,1791182934317,1791182802372
karam.sravani@ei.aeskills.in,1791188200479,1791188037000
karan.k106@ei.aeskills.in,1791203016751,1791202986000
karina.k22@ei.aeskills.in,1791176494651,1791176491996
karina.yadav1@ei.aeskills.in,1791180874322,1791180751475
karipetha.sandeep@ei.aeskills.in,1791180185198,1791180186298
karishma.karishma4@ei.aeskills.in,1791174935359,1791174883858
karma.saini@ei.aeskills.in,1791183622758,1791183579175
karra@ei.aeskills.in,1791179358617,1791179302649
karre@ei.aeskills.in,1791181939722,1791181873000
karthik.kadapavukala@ei.aeskills.in,1791194785236,1791194282000
karthik.kanithi@ei.aeskills.in,1791182201317,1791182165505
karthik.nupa@ei.aeskills.in,1791188125944,1791188085334
karthik.paitane@ei.aeskills.in,1791193789989,1791193446000
karthik.thurram@ei.aeskills.in,1791186733884,1791186673914
karthik.vempally@ei.aeskills.in,1791194652134,1791194314763
karthik86@ei.aeskills.in,1791185897675,1791185807067
karthika.dhanawath@ei.aeskills.in,1791198618887,1791198553093
karthikapriya.yallabiona@ei.aeskills.in,1791189795839,1791189793582
kartik.gurjar1@ei.aeskills.in,1791174770992,1791174727739
kartik.kumar355@ei.aeskills.in,1791171450852,1791171394908
kartik.meena16@ei.aeskills.in,1791171704894,1791171575456
kartik.meghwal549@ei.aeskills.in,1791180613468,1791180580101
kartik.megwal@ei.aeskills.in,1791175637066,1791175593784
kartik.nagar547@ei.aeskills.in,1791177274970,1791177113085
kartik.regar3@ei.aeskills.in,1791176737879,1791176619551
kartik088019@ei.aeskills.in,1791176668490,1791176620814
kartika.meena4@ei.aeskills.in,1791174187522,1791174095390
karuna.karuna1@ei.aeskills.in,1791181743598,1791181671067
kasari.sri@ei.aeskills.in,1791194654145,1791194585000
kashapgu.yashwanth@ei.aeskills.in,1791220386823,1791220387862
katijasultana.afya@ei.aeskills.in,1791194398825,1791194320000
katta1@ei.aeskills.in,1791185667414,1791185581000
kaushalya.kaushlya@ei.aeskills.in,1791194722171,1791194569322
kaveri.ade@ei.aeskills.in,1791193769894,1791193698778
kaveri.guguloth@ei.aeskills.in,1791189335267,1791189283000
kavita.bai13@ei.aeskills.in,1791179816610,1791179716481
kavita.k158@ei.aeskills.in,1791173307303,1791173307000
kavita.kavitakharol@ei.aeskills.in,1791205262046,1791205220056
kavita0930442@ei.aeskills.in,1791185448924,1791185444185
kavya.b4@ei.aeskills.in,1791180852253,1791180764824
kavya.masku@ei.aeskills.in,1791198672775,1791198623642
keerthana.banoth1@ei.aeskills.in,1791195455222,1791195456282
keerthana.basetty@ei.aeskills.in,1791190156974,1791189977445
keerthana.bhukya2@ei.aeskills.in,1791202972603,1791202894581
keerthana.lankati@ei.aeskills.in,1791195815551,1791195816281
keerthana.rathod1@ei.aeskills.in,1791191996219,1791191974541
keerthika.chitla@ei.aeskills.in,1791196724474,1791195256000
keerti.kumari2@ei.aeskills.in,1791180616337,1791180536000
kelooth@ei.aeskills.in,1791176735914,1791176659000
kesav.meena1@ei.aeskills.in,1791182229395,1791182226396
keshav.kumar57@ei.aeskills.in,1791193069912,1791193019562
kethavath.soundarya@ei.aeskills.in,1791190095658,1791190002386
kethavath.vasantha@ei.aeskills.in,1791190926548,1791190767536
kethavath13@ei.aeskills.in,1791184441318,1791184368000
kethiri.varuntej@ei.aeskills.in,1791186639792,1791186640914
khanha.kahar@ei.aeskills.in,1791183674628,1791183640933
khanyalal.bairwa@ei.aeskills.in,1791184120405,1791184095669
khatun.salatun@ei.aeskills.in,1791189260477,1791189110709
khooshbu.rawat@ei.aeskills.in,1791185306454,1791185285133
khosusiyat0880110@ei.aeskills.in,1791176882749,1791176817842
khurshida.k@ei.aeskills.in,1791195685935,1791195451148
khusbhu.kumari5@ei.aeskills.in,1791203010504,1791202964908
khusboo0930443@ei.aeskills.in,1791186380311,1791186375827
khusbu.kumari7@ei.aeskills.in,1791216293189,1791215921991
khushal.choudhary1@ei.aeskills.in,1791179320503,1791179256408
khushal.kumar23@ei.aeskills.in,1791179469926,1791179464452
khushboo.k39@ei.aeskills.in,1791188873255,1791188861000
khushboo.meena2@ei.aeskills.in,1791177602898,1791177487270
khushbu.gurjar16@ei.aeskills.in,1791172356960,1791172322191
khushbu.k101@ei.aeskills.in,1791210719000,1791210674000
khushbu.k91@ei.aeskills.in,1791184178208,1791184175336
khushbu.k92@ei.aeskills.in,1791205406847,1791205372216
khushbu.kumari193@ei.aeskills.in,1791186459691,1791186410560
khushbu.paroda@ei.aeskills.in,1791176527355,1791176485720
khushi.gurjar46@ei.aeskills.in,1791170164783,1791170162593
khushi.k181@ei.aeskills.in,1791178214811,1791178156894
khushi.k210@ei.aeskills.in,1791180708157,1791180624045
khushi.k399@ei.aeskills.in,1791203598575,1791203533000
khushi.k400@ei.aeskills.in,1791204635716,1791204598000
khushi.k401@ei.aeskills.in,1791177351541,1791177299621
khushi.k403@ei.aeskills.in,1791177109674,1791177035290
khushi.k404@ei.aeskills.in,1791174812789,1791174712387
khushi.khushi111@ei.aeskills.in,1791182933548,1791182886359
khushi.khushi19@ei.aeskills.in,1791177217928,1791177138119
khushi.khushi25@ei.aeskills.in,1791172753407,1791172749574
khushi.meena46@ei.aeskills.in,1791170578934,1791170443070
khushi.meena7@ei.aeskills.in,1791220758418,1791220014716
khushi.meghwal7@ei.aeskills.in,1791181638701,1791181497795
khushi.rawat44@ei.aeskills.in,1791185967295,1791185944834
khushi.rawat72@ei.aeskills.in,1791180968822,1791180194731
khushi0350151@ei.aeskills.in,1791185504635,1791185469008
khushi40@ei.aeskills.in,1791207777580,1791207741136
khushika.k2@ei.aeskills.in,1791175428075,1791175373589
khusi.mohithe@ei.aeskills.in,1791193717813,1791193567000
kinjal.bairwa1@ei.aeskills.in,1791177658985,1791177565169
kinjal.k12@ei.aeskills.in,1791204544955,1791204503000
kiran.choudhary4@ei.aeskills.in,1791175739963,1791175653215
kiran.k132@ei.aeskills.in,1791205532879,1791205528077
kiran.k135@ei.aeskills.in,1791200824075,1791200778452
kiran.k138@ei.aeskills.in,1791204732725,1791204695000
kiran.megwal1@ei.aeskills.in,1791193814806,1791193732000
kiran.murli@ei.aeskills.in,1791177453626,1791176748000
kiran0630180@ei.aeskills.in,1791195974775,1791195900000
kirti.k23@ei.aeskills.in,1791205758891,1791205640000
kirti.kumari24@ei.aeskills.in,1791172953704,1791172855983
kirti09901157@ei.aeskills.in,1791184818782,1791184782323
kisamat.bheel@ei.aeskills.in,1791173966279,1791173963037
kishan.bheel9@ei.aeskills.in,1791169408809,1791169367294
kishan.gurjar2@ei.aeskills.in,1791172301498,1791172296999
kishmat.bheel@ei.aeskills.in,1791174352171,1791174272431
kishmat.k556@ei.aeskills.in,1791181362486,1791181324526
kismat.k8@ei.aeskills.in,1791181151852,1791181148671
kismat466@ei.aeskills.in,1791201229117,1791201183963
kittu.megwal@ei.aeskills.in,1791193593465,1791193509000
komal.bairwa15@ei.aeskills.in,1791176211778,1791176173516
komal.bheel9@ei.aeskills.in,1791170809243,1791170696119
komal.bhil8@ei.aeskills.in,1791178582822,1791178527324
komal.gurjar107@ei.aeskills.in,1791173156337,1791173121714
komal.k128@ei.aeskills.in,1791174861565,1791174831000
komal.k268@ei.aeskills.in,1791190599414,1791190595928
komal.k269@ei.aeskills.in,1791205815345,1791205766645
komal.k270@ei.aeskills.in,1791206030930,1791205976531
komal.k271@ei.aeskills.in,1791206225711,1791206225000
komal.k272@ei.aeskills.in,1791206492216,1791206488143
komal.k285@ei.aeskills.in,1791201849252,1791201794000
komal.k286@ei.aeskills.in,1791206112470,1791206079000
komal.k288@ei.aeskills.in,1791174909740,1791174858219
komal.k289@ei.aeskills.in,1791177617544,1791177556412
komal.k290@ei.aeskills.in,1791179411624,1791179314064
komal.k3528@ei.aeskills.in,1791206789819,1791206786870
komal.kahar3@ei.aeskills.in,1791180460020,1791180291071
komal.komal61@ei.aeskills.in,1791172862680,1791172792702
komal.kumari331@ei.aeskills.in,1791212537441,1791212469638
komal.meena21@ei.aeskills.in,1791190952865,1791190845334
komal.prajapat19@ei.aeskills.in,1791174926011,1791174922582
komal.rawat112@ei.aeskills.in,1791178468338,1791178407601
komal.rawat50@ei.aeskills.in,1791172866793,1791172827227
komal.rawat55@ei.aeskills.in,1791201080524,1791201078549
komal.rawat58@ei.aeskills.in,1791172137830,1791172087119
komal.rawat65@ei.aeskills.in,1791175508268,1791175435348
komal0930444@ei.aeskills.in,1791186550727,1791186545619
komal47@ei.aeskills.in,1791201410731,1791201352979
komaram.dhavanitejasri@ei.aeskills.in,1791191612809,1791191517000
komma.vijaykumar@ei.aeskills.in,1791222364969,1791222365951
kondapalli.saiteja@ei.aeskills.in,1791190678895,1791190679811
kondru.harika1@ei.aeskills.in,1791190891283,1791190799032
kondru.mahitha@ei.aeskills.in,1791191375063,1791191230000
koram.tejashwini@ei.aeskills.in,1791183002826,1791182962929
korenga.navitha@ei.aeskills.in,1791210032085,1791209980596
korra.alekya1@ei.aeskills.in,,1791197049000
korsa.anupriya@ei.aeskills.in,1791199776062,1791199505000
korsa.divya@ei.aeskills.in,1791205307798,1791205124000
korsa.harshitha1@ei.aeskills.in,1791201700927,1791201554000
korsa.krishnaveni@ei.aeskills.in,1791199427726,1791199186000
kosa.madakam@ei.aeskills.in,1791193337947,1791193310059
kosgi.pranai@ei.aeskills.in,1791222143691,1791222144698
kothamalle.sravani@ei.aeskills.in,1791209639250,1791209640228
koushik.ubba@ei.aeskills.in,1791190353425,1791190279938
kova.manjula@ei.aeskills.in,1791211544871,1791211526295
koyyada.karthikeya@ei.aeskills.in,1791178910501,1791178911609
krishana.rawat1@ei.aeskills.in,1791179215986,1791179193787
krishana.rawat3@ei.aeskills.in,1791173124239,1791173055564
krishna.bheel14@ei.aeskills.in,1791186844886,1791186687020
krishna.k221@ei.aeskills.in,1791183666285,1791183663252
krishna.k222@ei.aeskills.in,1791207173630,1791207167232
krishna.k225@ei.aeskills.in,1791201112212,1791201073000
krishna.k226@ei.aeskills.in,1791202655403,1791202621000
krishna.k84@ei.aeskills.in,1791179396026,1791179336167
krishna.kumari52@ei.aeskills.in,1791213322718,1791213275979
krishna.megwal1@ei.aeskills.in,1791196422567,1791196349000
krishna.nagar551@ei.aeskills.in,1791179515110,1791179423474
krishna.rathod21@ei.aeskills.in,1791183510990,1791183436895
krishna.rawat45@ei.aeskills.in,1791182415589,1791182412183
krishnaveni.jatoth1@ei.aeskills.in,1791183526896,1791183527677
krishnaveni.kommu@ei.aeskills.in,1791201542777,1791201466000
kruthika.dayyala@ei.aeskills.in,1791178898591,1791178822000
kruthika.valavothu@ei.aeskills.in,1791197967557,1791197905000
ksharmila@ei.aeskills.in,1791183657194,1791183644878
kuldeep.banjara1@ei.aeskills.in,1791180972129,1791180872210
kuldeep.k108@ei.aeskills.in,1791215637760,1791215636324
kuldeep.k109@ei.aeskills.in,1791216003632,1791215976000
kuldeep.k98@ei.aeskills.in,1791203898093,1791203861000
kuldeep.kuldeep11@ei.aeskills.in,1791174737409,1791174687356
kuldeep.kumar68@ei.aeskills.in,1791172960024,1791172620574
kuldeep.kumar70@ei.aeskills.in,1791172051740,1791172044864
kuldeep.meena9@ei.aeskills.in,1791171205016,1791171126500
kuldeep1661@ei.aeskills.in,1791197198725,1791197144283
kumari.nandini2@ei.aeskills.in,1791190263420,1791190181000
kumari.sadhana1@ei.aeskills.in,1791188913418,1791188823342
kumkum.kahar@ei.aeskills.in,1791182431787,1791182344646
kummari.venkatesh1@ei.aeskills.in,1791187314651,1791187309496
kumram.jangubai@ei.aeskills.in,1791213452988,1791213439782
kunal09901158@ei.aeskills.in,1791184921151,1791184880945
kunda.saiharish1@ei.aeskills.in,1791202792217,1791202792942
kundan17@ei.aeskills.in,1791197356988,1791197291536
kundarapu.sri@ei.aeskills.in,1791190148706,1791189918990
kunja.rakshitha@ei.aeskills.in,1791191142071,1791191043672
kunusoth.sneha@ei.aeskills.in,1791196807327,1791196744353
kush.kush8@ei.aeskills.in,1791182096898,1791182041972
kushi.k26@ei.aeskills.in,1791207247552,1791207244196
kushi.kumari5@ei.aeskills.in,1791190773725,1791190450000
kushraj.k@ei.aeskills.in,1791210659394,1791210625092
kuthati.dekshitha@ei.aeskills.in,1791195756989,1791195758043
kvita.k@ei.aeskills.in,1791206770247,1791206767497
lad.rambharos@ei.aeskills.in,1791173510601,1791172868412
lahari.banoth1@ei.aeskills.in,1791181085087,1791180964087
lahasri.gattupalli@ei.aeskills.in,1791189453677,1791189451732
lakhan.berwa@ei.aeskills.in,1791221942105,1791221904195
lakhan.k20@ei.aeskills.in,1791207746350,1791207718148
lakhan.kahar1@ei.aeskills.in,1791182532949,1791182501220
lakshika.k7@ei.aeskills.in,1791176734315,1791176686141
lakshit0630181@ei.aeskills.in,1791196142594,1791196085000
lakshita.k17@ei.aeskills.in,1791172572032,1791172567057
lakshita.kahar@ei.aeskills.in,1791184099010,1791184071797
lakshita0620136@ei.aeskills.in,1791196019866,1791195980935
lakshma.sodi@ei.aeskills.in,1791182933036,1791182931657
lakshmi.gurjar7@ei.aeskills.in,1791194887812,1791194810595
lakshmi.gurjar8@ei.aeskills.in,1791185232124,1791185138996
lakshmi.k56@ei.aeskills.in,1791173361765,1791173358789
lakshmn18@ei.aeskills.in,1791197545449,1791197444938
lalit.kumar180@ei.aeskills.in,1791192771527,1791192728511
lalitha.kahar@ei.aeskills.in,1791184007548,1791183969538
lalitha.kodapa@ei.aeskills.in,1791181448508,1791181372252
lalitha.nupa@ei.aeskills.in,1791202031144,1791198030000
lasya.jegga@ei.aeskills.in,1791201773455,1791201713000
lasya.lekam@ei.aeskills.in,1791217237615,1791217116974
lasya.sokam@ei.aeskills.in,1791194566964,1791194495000
lasyapriya.arige@ei.aeskills.in,1791194019384,1791193939000
lavanya.jaloth@ei.aeskills.in,1791189820886,1791189585000
lavisha.rathor@ei.aeskills.in,1791191898023,1791191801000
lavkush.khuswa@ei.aeskills.in,1791179529471,1791179494268
lavudya.archana@ei.aeskills.in,1791189740326,1791189691525
laxmaiah.sodi@ei.aeskills.in,1791195921220,1791195917454
laxman.banoth1@ei.aeskills.in,1791181691640,1791181642810
laxman.gurjar5@ei.aeskills.in,1791180127721,1791180123433
laxmi.chavan4@ei.aeskills.in,1791193917658,1791193913345
laxmi.gurjar7@ei.aeskills.in,1791177468162,1791177413211
laxmi.jakinalapally@ei.aeskills.in,1791179142092,1791179001622
laxmi.janaka@ei.aeskills.in,1791196024861,1791196025584
laxmi.k236@ei.aeskills.in,1791183025764,1791183020574
laxmi.k237@ei.aeskills.in,1791183228671,1791183225843
laxmi.k238@ei.aeskills.in,1791183393687,1791183389232
laxmi.k240@ei.aeskills.in,1791207563640,1791207559489
laxmi.k241@ei.aeskills.in,1791179846275,1791179839563
laxmi.k287@ei.aeskills.in,1791207077542,1791207074488
laxmi.khuswa1@ei.aeskills.in,1791176000469,1791175941585
laxmi.kova1@ei.aeskills.in,1791196292701,1791196293678
laxmi.kudmetha@ei.aeskills.in,1791197902723,1791197799000
laxmi.kumari142@ei.aeskills.in,1791212093392,1791212046703
laxmi.lovavanshi@ei.aeskills.in,1791192259317,1791192201720
laxmi.meena24@ei.aeskills.in,1791169985062,1791169858635
laxmi.meena4@ei.aeskills.in,1791222173988,1791222137084
laxmi.rawat48@ei.aeskills.in,1791203058811,1791203054829
laxmi.vagmare@ei.aeskills.in,1791199764255,1791199671000
laxmi277@ei.aeskills.in,1791199960765,1791199924807
laxmiprasanna.bushanaveni@ei.aeskills.in,1791188242578,1791188090000
laxmipriya.b1@ei.aeskills.in,1791183142830,1791183006226
lekhraj.k19@ei.aeskills.in,1791206651493,1791206648784
lekhraj42@ei.aeskills.in,1791208143023,1791208043110
lekhyana.ambati@ei.aeskills.in,1791179588649,1791179450000
lelina.m@ei.aeskills.in,1791182358438,1791182279000
likhitha.kaveti@ei.aeskills.in,1791199383056,1791199274000
lila.gurjar@ei.aeskills.in,1791172971216,1791172971000
lohithteja.punem@ei.aeskills.in,1791190585691,1791190526630
lokesh.gurjar9@ei.aeskills.in,1791173407134,1791173404797
lokesh.katroth@ei.aeskills.in,1791183686202,1791183612259
lokesh.kumar73@ei.aeskills.in,1791203419797,1791203344873
lokesh.pothani@ei.aeskills.in,1791189289848,1791188900000
lokesh.yadav7@ei.aeskills.in,1791184667133,1791184620233
lokesh0930446@ei.aeskills.in,1791187959735,1791187953739
lokeshwari.godam@ei.aeskills.in,1791193558636,1791193381000
lokini.sanvi@ei.aeskills.in,1791196944214,1791196879662
lovekush.gurjar@ei.aeskills.in,1791193980252,1791193822588
lowkya.peruka@ei.aeskills.in,1791185904933,1791185839000
lucky.gurjar11@ei.aeskills.in,1791173979960,1791173947428
lucky03501198@ei.aeskills.in,1791203011763,1791203004395
lucky433@ei.aeskills.in,1791208305966,1791208276285
lunavath.keerathana@ei.aeskills.in,1791195706164,1791195637000
luvraj.k@ei.aeskills.in,1791210752682,1791210747661
m.abhi1@ei.aeskills.in,1791193694487,1791193287000
m.jayanna@ei.aeskills.in,1791223463899,1791223464918
m.kumar13@ei.aeskills.in,1791197727160,1791197393299
m.naveen3@ei.aeskills.in,1791195812841,1791195394000
m.prabhukumar@ei.aeskills.in,1791223688383,1791223689332
m.rao10@ei.aeskills.in,1791194524292,1791194272000
m.saisruthi@ei.aeskills.in,,1791199041000
m.sridhar@ei.aeskills.in,1791197587301,1791197383000
m.tejakumar@ei.aeskills.in,1791220019151,1791220020135
macha.sucharitha@ei.aeskills.in,1791188846334,1791188760000
macharla.dhansikalaya@ei.aeskills.in,1791189633436,1791189634000
madakam.amrutha@ei.aeskills.in,1791203879762,1791203821000
madakam.chandrakala@ei.aeskills.in,1791198075192,1791197951424
madakam.harika@ei.aeskills.in,1791200766304,1791200710000
madakam.mariyamma@ei.aeskills.in,1791204999314,1791204916246
madakam.sharmila@ei.aeskills.in,1791200877462,1791200846000
madakam.suvarna@ei.aeskills.in,1791201885424,1791201762000
madakam.tejasri@ei.aeskills.in,1791187685309,1791187529000
madaram@ei.aeskills.in,1791183557645,1791183495000
maddela2@ei.aeskills.in,1791175370302,1791175276000
maddela3@ei.aeskills.in,1791184308430,1791184236000
maddela4@ei.aeskills.in,1791184659663,1791184493000
maddeni@ei.aeskills.in,1791175090694,1791175018000
madhu.k80@ei.aeskills.in,1791173818088,1791173681249
madhu.k85@ei.aeskills.in,1791209478416,1791209440000
madhugula.aaryanandhan1@ei.aeskills.in,1791203564322,1791203565360
madhupriya.nalla@ei.aeskills.in,1791192973567,1791192850806
madhupriya.rathod@ei.aeskills.in,1791191471541,1791191445000
madhura.pole@ei.aeskills.in,1791185196393,1791185135000
madhuri.k2@ei.aeskills.in,1791172710538,1791172707702
madhurya.arugula@ei.aeskills.in,1791191990765,1791191821130
madivi.amulya@ei.aeskills.in,1791190404155,1791190292757
madu.yacharam@ei.aeskills.in,1791177877754,1791177806000
magalaxmi.m@ei.aeskills.in,1791178080022,1791178027799
mahashwri.maloyh@ei.aeskills.in,1791174289717,1791174211000
mahaveer.kumar11@ei.aeskills.in,1791204871011,1791204826660
mahender.yadav@ei.aeskills.in,1791191293043,1791191219371
mahendra.bheem@ei.aeskills.in,1791190015551,1791189876000
mahesh.b1@ei.aeskills.in,1791183208555,1791183149780
mahesh.goggela@ei.aeskills.in,1791181517165,1791181515181
mahesh.khushwah@ei.aeskills.in,1791174838656,1791174754916
mahesh.kumar68@ei.aeskills.in,1791203687678,1791203618039
mahesh.madakam1@ei.aeskills.in,1791186382010,1791186377929
mahesh.made@ei.aeskills.in,1791181109950,1791181105708
mahesh.musika@ei.aeskills.in,1791182383685,1791182372000
maheshwari.t1@ei.aeskills.in,1791176697064,1791176638253
mahi.kahar@ei.aeskills.in,1791178547882,1791178472846
mahi.mahi11@ei.aeskills.in,1791180066795,1791179967936
mahima.saini1@ei.aeskills.in,1791175196703,1791175155693
mahipal.kumar@ei.aeskills.in,1791175144044,1791175141097
mahira002011@ei.aeskills.in,1791194833117,1791194768355
maien.k@ei.aeskills.in,1791191750547,1791191687538
mala.durgaprasad1@ei.aeskills.in,1791202925334,1791202926117
malavath.ashwitha2@ei.aeskills.in,1791185948937,1791185762000
malleshwari.bejjuru@ei.aeskills.in,1791190812273,1791190780000
malleswari.banoth@ei.aeskills.in,1791196783543,1791196784508
maloth.gayathri1@ei.aeskills.in,1791178796977,1791178610894
maloth.lasyasri@ei.aeskills.in,1791175503530,1791175480050
maloth.pavani@ei.aeskills.in,1791194840982,1791194655000
maloth.supriya1@ei.aeskills.in,1791181792057,1791181654457
maloth1@ei.aeskills.in,1791179710266,1791179612000
malta.k@ei.aeskills.in,1791180660382,1791180597550
malvika.chethala@ei.aeskills.in,1791178103424,1791178044000
mamta.bankatlal@ei.aeskills.in,1791176631184,1791176576158
mamta.k82@ei.aeskills.in,1791190080927,1791189757990
mamta0930447@ei.aeskills.in,1791188169073,1791188163626
man.bhari1@ei.aeskills.in,1791177964172,1791177934574
manasa.guguloth@ei.aeskills.in,1791194450662,1791194373348
manasa.tejavath@ei.aeskills.in,1791196538468,1791196389813
manaswini.uppu@ei.aeskills.in,1791197236833,1791197237555
manav.gochar@ei.aeskills.in,1791175294727,1791175031721
manbhar.k10@ei.aeskills.in,1791203124455,1791203076000
manbhar.k2@ei.aeskills.in,1791173160304,1791173156278
mangi.bai29@ei.aeskills.in,1791174632669,1791174595581
mangi.jagdish@ei.aeskills.in,1791175647118,1791175564801
manika.keerthana@ei.aeskills.in,1791193679163,1791193600705
manikanta.marusanti@ei.aeskills.in,1791189900230,1791189644000
manish.lodha1@ei.aeskills.in,1791194688173,1791194630573
manish.meena23@ei.aeskills.in,1791184356474,1791184327990
manish.shrilal@ei.aeskills.in,1791172527890,1791172407848
manish0930449@ei.aeskills.in,1791188459971,1791188454726
manish48@ei.aeskills.in,1791201568147,1791201527887
manisha.bajarsingh@ei.aeskills.in,1791169464136,1791169432514
manisha.bapulal@ei.aeskills.in,1791169310472,1791169238400
manisha.biramchand@ei.aeskills.in,1791172100125,1791172036868
manisha.gurjar11@ei.aeskills.in,1791175454295,1791175451292
manisha.k218@ei.aeskills.in,1791184517235,1791184514827
manisha.k227@ei.aeskills.in,1791177281750,1791177213087
manisha.k234@ei.aeskills.in,1791209384966,1791209340000
manisha.meena8@ei.aeskills.in,1791219042340,1791219004421
manisha.palthya@ei.aeskills.in,1791178218893,1791178151000
manisha.rawat45@ei.aeskills.in,1791172283519,1791172263797
manishika.gurjar@ei.aeskills.in,1791174754498,1791174752227
manjita.k1@ei.aeskills.in,1791175094546,1791175055178
manju.bee@ei.aeskills.in,1791189638953,1791189596964
manju.rawat7@ei.aeskills.in,1791203619897,1791203615016
manjula.guglavath@ei.aeskills.in,1791199425854,1791199325000
manjula.maloth@ei.aeskills.in,1791196662896,1791196616067
manjula.venkatesh@ei.aeskills.in,1791192076281,1791191969000
manognasree.rayapol@ei.aeskills.in,1791196379532,1791196308000
manohar.bai@ei.aeskills.in,1791176154453,1791176010490
manohar.kumar6@ei.aeskills.in,1791191765485,1791191718927
manohar.patnam@ei.aeskills.in,1791189570704,1791189386000
manoj.bantimewada@ei.aeskills.in,1791174595521,1791174199510
manoj.jat1@ei.aeskills.in,1791179755323,1791179753071
manoj.kumar209@ei.aeskills.in,1791178555884,1791178461648
manoj44@ei.aeskills.in,1791208537152,1791208496846
mansha.gurjar10@ei.aeskills.in,1791172030898,1791172028298
mansha45@ei.aeskills.in,1791208705233,1791208668821
mansi.k39@ei.aeskills.in,1791200576119,1791200530000
mansi.saini2@ei.aeskills.in,1791185993547,1791185774000
mansingh0930448@ei.aeskills.in,1791188306705,1791188302230
manupati.akshitha@ei.aeskills.in,1791194810655,1791194697962
manupati.sindhu1@ei.aeskills.in,1791190821966,1791190744965
manusri.dharamsoth@ei.aeskills.in,1791189755634,1791189274603
manusri.sakineti@ei.aeskills.in,1791189835684,1791189758000
mariyam0880111@ei.aeskills.in,1791177161426,1791177052911
mariyam0880112@ei.aeskills.in,1791177492895,1791177395224
marsukola.karuna@ei.aeskills.in,1791208452727,1791208365611
masham.yashwanth@ei.aeskills.in,1791181550672,1791181551747
masuma0880113@ei.aeskills.in,1791177984374,1791177635519
masuma0880114@ei.aeskills.in,1791178774652,1791178588962
maya.gurjar5@ei.aeskills.in,1791184170949,1791184085453
maya.k92@ei.aeskills.in,1791191933362,1791191876777
maya0880115@ei.aeskills.in,1791179166187,1791179014235
mayadari.manohar@ei.aeskills.in,1791195011560,1791194977000
mayank.berwa1@ei.aeskills.in,1791177633260,1791177563501
mayank.k80@ei.aeskills.in,1791201989450,1791201872000
mayank.kahar@ei.aeskills.in,1791184449517,1791184396468
mayank.kumar173@ei.aeskills.in,1791174541349,1791174541000
mayank28@ei.aeskills.in,1791200120017,1791200074592
mayuri.kattela@ei.aeskills.in,1791182158381,1791182069000
md.maibu@ei.aeskills.in,1791195917399,1791195271000
medapatla.anvay@ei.aeskills.in,1791187823023,1791187824065
meena.k18@ei.aeskills.in,1791208756077,1791208674000
meena.kumari53@ei.aeskills.in,1791189361184,1791189331496
meena46@ei.aeskills.in,1791209051192,1791209006818
meenakshi.berwa1@ei.aeskills.in,1791181941014,1791181729910
meenakshi.bogarapu@ei.aeskills.in,1791197572297,1791197573391
meenakshi.jatavath@ei.aeskills.in,1791189448568,1791189339967
meenakshi.kumram@ei.aeskills.in,1791196462783,1791196392240
meenakshi.vidama@ei.aeskills.in,1791191256075,1791191190000
meenakshi88@ei.aeskills.in,1791186101579,1791186033622
meenu.gurjar2@ei.aeskills.in,1791195368480,1791195180164
meenu29@ei.aeskills.in,1791200247686,1791200203179
megavath.charantej1@ei.aeskills.in,1791203116172,1791203117202
megha.k18@ei.aeskills.in,1791205157026,1791205109000
megha.sen@ei.aeskills.in,1791179111502,1791179108537
meghali.podishetti@ei.aeskills.in,1791185083605,1791185035434
meghana.peddalingannagari@ei.aeskills.in,1791198054294,1791197977000
meghavath.ammulu@ei.aeskills.in,1791189026082,1791188876444
meghraj.jangid@ei.aeskills.in,1791180572276,1791180542981
mehandra19@ei.aeskills.in,1791198046800,1791197992058
minakshi.k73@ei.aeskills.in,1791176927726,1791176845110
minakshi.k76@ei.aeskills.in,1791209015193,1791208968000
minakshi.kumari146@ei.aeskills.in,1791168065674,1791167974472
minakshi.rawat@ei.aeskills.in,1791196639812,1791196609986
mintu.bhuralal@ei.aeskills.in,1791171795241,1791171729777
mithilasri.tumma@ei.aeskills.in,,1791198000000
mithlesh.dayaram@ei.aeskills.in,1791171211169,1791171134478
mithlesh.meena@ei.aeskills.in,1791218465833,1791218454344
mithun.kumar18@ei.aeskills.in,1791175408386,1791175256981
mochi.gouthami@ei.aeskills.in,1791193430007,1791193430000
modium.saisri@ei.aeskills.in,1791189448809,1791189341583
moguram.varshith@ei.aeskills.in,1791186944613,1791186945783
mohammad07001131@ei.aeskills.in,1791206129700,1791206092564
mohammed0880116@ei.aeskills.in,1791179496632,1791179394527
mohammed0880117@ei.aeskills.in,1791179867466,1791179681786
moharle.naresh@ei.aeskills.in,1791177846641,1791177847656
mohd.ali26@ei.aeskills.in,1791175112632,1791175077894
mohit.bairwa7@ei.aeskills.in,1791178633572,1791178516682
mohit.goyar@ei.aeskills.in,1791183064821,1791183062252
mohit.gurjar18@ei.aeskills.in,1791189232099,1791188788921
mohit.k171@ei.aeskills.in,1791208366404,1791208324000
mohit.k179@ei.aeskills.in,1791181780019,1791181780000
mohit.rawat26@ei.aeskills.in,1791202245841,1791202238311
mohit.regar5@ei.aeskills.in,1791185067935,1791185035162
mohsin0880118@ei.aeskills.in,1791180837288,1791180368498
mokalla.ruthwika@ei.aeskills.in,1791195085727,1791195044000
moksha.banja@ei.aeskills.in,1791179329616,1791179038266
moksha.k1@ei.aeskills.in,1791177937107,1791177909376
mokshagna.p@ei.aeskills.in,1791183428281,1791183287120
mona.k5@ei.aeskills.in,1791185258722,1791185255940
mona.k6@ei.aeskills.in,1791180051230,1791180045454
monika.choudhary3@ei.aeskills.in,1791174447928,1791174387977
monika.k133@ei.aeskills.in,1791176398654,1791176369189
monika.k134@ei.aeskills.in,1791182990770,1791182904710
monika.k38@ei.aeskills.in,1791176221813,1791176164722
monika.khuswa@ei.aeskills.in,1791181944058,1791181782866
monika.lodha8@ei.aeskills.in,1791174760609,1791174721745
monika.rawat43@ei.aeskills.in,1791176364370,1791176320201
monti.gurjar@ei.aeskills.in,1791171069470,1791171064663
monu.berwa1@ei.aeskills.in,1791185075447,1791183822767
monu.meena8@ei.aeskills.in,1791184482921,1791184467583
monu49@ei.aeskills.in,1791201763751,1791201724433
mood.lovkya@ei.aeskills.in,,1791154819722
mounika.boda@ei.aeskills.in,1791180260064,1791180132695
mounika.lavudiya@ei.aeskills.in,1791183496500,1791183398335
mounika.thaidhala@ei.aeskills.in,1791183653260,1791183469586
mounika.thonti@ei.aeskills.in,1791186812800,1791186648000
mubarak.khan14@ei.aeskills.in,1791201399611,1791201356588
mudavath.akshaybabu@ei.aeskills.in,1791223971290,1791223972256
mudavath.anusha@ei.aeskills.in,1791191144577,1791191070550
mudavath.geethika@ei.aeskills.in,1791179336780,1791179234000
mudavath.indhu1@ei.aeskills.in,1791190676960,1791190518029
mudit.sahu1@ei.aeskills.in,1791222557319,1791222526111
mukesh.bheel8@ei.aeskills.in,1791191356888,1791191320144
mukesh.gurjar4@ei.aeskills.in,1791193621751,1791193349562
mukesh.k93@ei.aeskills.in,1791195304127,1791195300976
munavath.vennala@ei.aeskills.in,1791188752125,1791188634455
munneshwari.athram@ei.aeskills.in,1791192996494,1791192971000
muntha.vishnuprasad@ei.aeskills.in,1791192657797,1791192441000
muskan.bano110@ei.aeskills.in,1791194436409,1791194402093
muskan.k166@ei.aeskills.in,1791204342386,1791204305000
muskan.k185@ei.aeskills.in,1791209917813,1791209913818
muskan.kahar@ei.aeskills.in,1791178192452,1791177693048
muskan.kumari556@ei.aeskills.in,1791181212867,1791181155817
muskan.losha@ei.aeskills.in,1791207351477,1791207312285
muskan.meena22@ei.aeskills.in,1791176639247,1791176443219
muskan.saini4@ei.aeskills.in,1791172543628,1791172435011
muskan.shivnarayan@ei.aeskills.in,1791172760797,1791172691095
muskan0880119@ei.aeskills.in,1791181849484,1791181508408
myakala.shivaprasad@ei.aeskills.in,1791202960784,1791202961790
nagamani.kumram1@ei.aeskills.in,1791199070605,1791198972223
naina.k31@ei.aeskills.in,1791195942454,1791195836000
najma.k4@ei.aeskills.in,1791175252995,1791175208548
nakshathra.nakshathra2@ei.aeskills.in,1791178290229,1791178224469
nakshe0880120@ei.aeskills.in,1791182295137,1791182186894
nakul.k13@ei.aeskills.in,1791208608851,1791208561000
nanda.vanjam@ei.aeskills.in,1791187683203,1791187680694
nandani.lodha@ei.aeskills.in,1791180757704,1791180718336
nandani.malav@ei.aeskills.in,1791180537066,1791180438147
nandhakishor.borra@ei.aeskills.in,1791189808592,1791189737644
nandhini.athram1@ei.aeskills.in,1791189089456,1791188915924
nandhini.jadhav1@ei.aeskills.in,1791194139559,1791194054956
nandhini.l1@ei.aeskills.in,1791180327298,1791180244466
nandhini.maloth@ei.aeskills.in,1791183616338,1791183548831
nandhini.meghavath1@ei.aeskills.in,1791197999783,1791197900953
nandhitha.burka@ei.aeskills.in,1791197227541,1791197132000
nandhu.sode@ei.aeskills.in,1791213368617,1791213029460
nandini.bucholla@ei.aeskills.in,1791201407297,1791201294000
nandini.dharavath@ei.aeskills.in,1791183134752,1791182980828
nandini.kumari82@ei.aeskills.in,1791215705154,1791215647794
nandini.nousu@ei.aeskills.in,1791186052116,1791185996000
nandipata.vinny@ei.aeskills.in,,1791188560000
nanditha.bottla@ei.aeskills.in,1791202711775,1791202628000
nandni.kumari51@ei.aeskills.in,1791179930562,1791179653773
nandnii30@ei.aeskills.in,1791200354560,1791200322303
naneshwari.athram@ei.aeskills.in,1791193561867,1791193540081
nanu.gurjar@ei.aeskills.in,1791179240478,1791179235237
naraj.gurjar19@ei.aeskills.in,1791174306010,1791174269310
naraj.gurjar8@ei.aeskills.in,1791204312470,1791204308589
naraj.rebari@ei.aeskills.in,1791182134460,1791182128103
narayanan.k1@ei.aeskills.in,1791206960839,1791206958175
narendra.g1@ei.aeskills.in,1791183998874,1791183897381
narendra.mangilal@ei.aeskills.in,1791176469921,1791176198973
narendra.meena@ei.aeskills.in,1791219935021,1791219882450
narendra.singh11@ei.aeskills.in,1791199154159,1791199152464
narendra.singh30@ei.aeskills.in,1791201252060,1791201135000
naresh.dandla@ei.aeskills.in,1791190606277,1791190330627
naresh.k30@ei.aeskills.in,1791173748932,1791173746782
narsingh.k1@ei.aeskills.in,1791207095508,1791207060000
nasim.bano2@ei.aeskills.in,1791194810964,1791194773672
navadeep.chintha@ei.aeskills.in,1791181124684,1791181053997
naval.meena@ei.aeskills.in,1791221831072,1791221796402
naveen0350147@ei.aeskills.in,1791184740440,1791184695399
naveenkumar.pisodi@ei.aeskills.in,1791175701775,1791175631435
navya.pole@ei.aeskills.in,1791180374996,1791180001771
navya.sharma42@ei.aeskills.in,,1791186715038
navyasri.malleboina@ei.aeskills.in,1791190856220,1791190734251
navyasri.thota@ei.aeskills.in,1791215635849,1791215587431
nayra.k4@ei.aeskills.in,1791193199862,1791193197164
nazma.sk@ei.aeskills.in,1791175593715,1791175462441
nazra.bee@ei.aeskills.in,1791192535414,1791192455716
neelam.bagri@ei.aeskills.in,1791212942972,1791212895383
neelu.kumari8@ei.aeskills.in,1791166431773,1791166318688
neerudi@ei.aeskills.in,1791179235100,1791179117000
neeshika.kumari@ei.aeskills.in,1791192070960,1791191987276
neetin.bairwa@ei.aeskills.in,1791181108776,1791181097615
neetu.k38@ei.aeskills.in,1791192139231,1791192125000
neetu0930450@ei.aeskills.in,1791188593823,1791188589556
neha.k150@ei.aeskills.in,1791175578205,1791175528144
neha.malav@ei.aeskills.in,1791180279738,1791180096532
nenavath.pavithra@ei.aeskills.in,1791188527274,1791188373960
nethavath.indu@ei.aeskills.in,1791194992039,1791194952896
nidhi.k55@ei.aeskills.in,,1791188331000
nidhi.vaishnav3@ei.aeskills.in,1791171376896,1791171293821
nihal.danuk@ei.aeskills.in,1791175885808,1791175703529
niharika.bhukya@ei.aeskills.in,1791194712967,1791194586437
niharika.gadari@ei.aeskills.in,1791182005028,1791181910000
niharika.jadhav1@ei.aeskills.in,1791200225884,1791199996000
niharika.kummari@ei.aeskills.in,1791195356734,1791195014000
niharika.masku@ei.aeskills.in,1791178779433,1791178709000
niharika.nakka@ei.aeskills.in,1791199177340,1791198841249
nikhitha.matta@ei.aeskills.in,1791188799686,1791188797575
nikita.k59@ei.aeskills.in,1791207951266,1791207905000
nikita.mandravliya@ei.aeskills.in,1791176371473,1791176331193
nikita0350140@ei.aeskills.in,1791182505578,1791182363111
nikita0350148@ei.aeskills.in,1791184901852,1791184846857
nikshitha.kallepu@ei.aeskills.in,1791197480820,1791197380000
nilesh.k11@ei.aeskills.in,1791207842881,1791207805000
nilesh.kumar21@ei.aeskills.in,1791168414292,1791168235843
niraj.kumar73@ei.aeskills.in,1791176864255,1791176836353
nirav.gurjar@ei.aeskills.in,1791188448175,1791188313872
nisha.banjara5@ei.aeskills.in,,1791186559000
nisha.gurjar23@ei.aeskills.in,1791201118637,1791201112699
nisha.gurjar24@ei.aeskills.in,1791202827676,1791202816000
nisha.kahar@ei.aeskills.in,1791183414017,1791183374847
nisha.kumari345@ei.aeskills.in,1791211963879,1791211918100
nisha.kumari450@ei.aeskills.in,1791186715798,1791186669518
nisha.kumari457@ei.aeskills.in,1791176481715,1791175523388
nisha.meena20@ei.aeskills.in,1791212212702,1791212173908
nisha.meena57@ei.aeskills.in,1791191108434,1791191068234
nisha.rawat20@ei.aeskills.in,1791174242194,1791174240230
nisha.rawat46@ei.aeskills.in,1791200353523,1791200292000
nisha.satyanarayan@ei.aeskills.in,1791182383041,1791182378939
nisha.vankdoth@ei.aeskills.in,1791182138545,1791182139303
nisha0930451@ei.aeskills.in,1791188737104,1791188731924
nishani.varshini@ei.aeskills.in,1791198630936,1791198631934
nishika.k6@ei.aeskills.in,1791174237128,1791174174257
nitesh.k51@ei.aeskills.in,1791179038659,1791179035994
nitesh.k77@ei.aeskills.in,1791204649480,1791204644517
nitesh.kumar142@ei.aeskills.in,1791193219596,1791193183717
nitesh.kumar96@ei.aeskills.in,1791209062091,1791208988658
nithya.k10@ei.aeskills.in,1791181889442,1791181621166
nithya.savath@ei.aeskills.in,1791182829147,1791182766000
nitin50@ei.aeskills.in,1791202129144,1791202065399
nitu.kumari64@ei.aeskills.in,1791170865835,1791170689069
nivas.prajapat@ei.aeskills.in,1791189498199,1791189461414
niyeti51@ei.aeskills.in,1791203752500,1791203716042
nunavath.sunitha1@ei.aeskills.in,1791197626094,1791197534000
nune.rishika@ei.aeskills.in,1791187687986,1791187689059
nupa.divyasree@ei.aeskills.in,1791204151923,1791204044844
omkarini.challa@ei.aeskills.in,1791188166646,1791187934004
oseb.kunja@ei.aeskills.in,1791191922218,1791191908646
p.nihal1@ei.aeskills.in,1791221700040,1791221700989
p.pravachan@ei.aeskills.in,1791195769021,1791195362000
p.sanjusahul@ei.aeskills.in,1791222588749,1791222589747
paavani.dhravath@ei.aeskills.in,1791187266733,1791187267707
padhma.madavi@ei.aeskills.in,1791198410241,1791198181000
paida.akhila@ei.aeskills.in,1791188649533,1791188499446
palak.k93@ei.aeskills.in,1791203470441,1791203430325
palak.k94@ei.aeskills.in,1791206205379,1791206172000
palak.meena17@ei.aeskills.in,1791181035124,1791180977150
palak.meena18@ei.aeskills.in,1791189552220,1791189502818
palak.meena9@ei.aeskills.in,1791218910745,1791218847076
palak.nogiya@ei.aeskills.in,1791177527531,1791177454110
pallavi.a@ei.aeskills.in,1791175768145,1791175678554
pallavi.kethavath2@ei.aeskills.in,1791191994358,1791191841626
pallavi.kethavath3@ei.aeskills.in,1791182648282,1791182503664
pallavi.nagar@ei.aeskills.in,1791184801022,1791184766282
pallem.ruthwik1@ei.aeskills.in,1791203813953,1791203815056
palthi.john@ei.aeskills.in,1791186867467,1791186868518
palthiya.tejasri@ei.aeskills.in,1791192287308,1791192208000
palthya.tejaswini@ei.aeskills.in,1791183816873,1791183758000
pandi2@ei.aeskills.in,1791183162680,1791183100000
pandram.rupabai@ei.aeskills.in,1791208906212,1791208887362
pandu.madakam@ei.aeskills.in,1791182773736,1791182771492
pandudeva.madavi@ei.aeskills.in,1791195718520,1791195716371
paneti.kaveri@ei.aeskills.in,1791191126746,1791191007000
panikala.sathvika@ei.aeskills.in,1791187769795,1791187770836
pankaj.kumar187@ei.aeskills.in,1791212384408,1791212331375
pari.bano2@ei.aeskills.in,1791174712695,1791174644080
pari.k100@ei.aeskills.in,1791179640385,1791179519431
pari.kumari47@ei.aeskills.in,1791177879612,1791177873255
parinc09901156@ei.aeskills.in,1791184723573,1791184697687
parlin.k@ei.aeskills.in,1791175750283,1791175710352
parsa@ei.aeskills.in,1791181004980,1791180935000
parshant.lodha@ei.aeskills.in,1791202135217,1791202024709
parusha.ramudu@ei.aeskills.in,1791220824687,1791220825711
parvati.kajodlal@ei.aeskills.in,1791170495020,1791170420538
parveen.aadivashi@ei.aeskills.in,1791175206639,1791175118098
parveena.k2@ei.aeskills.in,1791178626426,1791178573946
parween0930453@ei.aeskills.in,1791189003355,1791188998554
pasula.sri@ei.aeskills.in,1791193112318,1791193041000
pathlavath.madhan@ei.aeskills.in,1791221840069,1791221841097
pavani.n2@ei.aeskills.in,1791177806475,1791177747625
pavani.pandi@ei.aeskills.in,1791185298721,1791185247351
pavithra.k7@ei.aeskills.in,1791185407472,1791185354710
pavithra.kathle@ei.aeskills.in,1791196692326,1791196616045
pavithra.pendram@ei.aeskills.in,1791197786461,1791197787523
pawan.k82@ei.aeskills.in,1791202857420,1791202824000
pawan.k94@ei.aeskills.in,1791209192708,1791209189337
pawan.kahar@ei.aeskills.in,1791180062790,1791179927055
pawan.khushwah@ei.aeskills.in,1791174584322,1791174524919
pawan.kirad@ei.aeskills.in,1791212684736,1791212640850
pawan.kumar312@ei.aeskills.in,1791215082255,1791214819890
pawan.kumar313@ei.aeskills.in,1791214551692,1791214503792
payal.choudhary3@ei.aeskills.in,1791174065446,1791173980240
payal.k108@ei.aeskills.in,1791178005357,1791177957919
payal.k242@ei.aeskills.in,1791201364920,1791201312000
payal.k243@ei.aeskills.in,1791176251096,1791176215712
payal.k244@ei.aeskills.in,1791206023678,1791205985000
payal.k260@ei.aeskills.in,1791209816603,1791209776000
payal.k303@ei.aeskills.in,1791195122028,1791195119856
payal.kumari362@ei.aeskills.in,1791175042803,1791175004159
payal.meena12@ei.aeskills.in,1791221456674,1791221393522
payal.meena35@ei.aeskills.in,1791216449406,1791216406000
payal.rawat89@ei.aeskills.in,1791197371350,1791197366690
payal477@ei.aeskills.in,1791209234271,1791209154942
payam.divya@ei.aeskills.in,1791203261942,1791203149000
payam.keerthi@ei.aeskills.in,1791192852103,1791192748000
payam.ribka@ei.aeskills.in,1791203018253,1791202965548
payel.vaishnav@ei.aeskills.in,1791173280258,1791173237575
payel20@ei.aeskills.in,1791197842957,1791197797525
payyala.balaji@ei.aeskills.in,1791193300380,1791191496000
peddamathari@ei.aeskills.in,1791183017974,1791182955000
peerla.deepika@ei.aeskills.in,1791191209752,1791191130938
pendyala.vishwateja@ei.aeskills.in,1791180115179,1791180116267
peram.nithyasri@ei.aeskills.in,,1791195116901
peruka.shiva@ei.aeskills.in,1791190031250,1791189994567
pinka.rawat9@ei.aeskills.in,1791202755612,1791202747573
piriyanka.rawat@ei.aeskills.in,1791200572163,1791200484000
pitla1@ei.aeskills.in,1791181824776,1791181381000
piush.kumar4@ei.aeskills.in,,1791212632000
pivas31@ei.aeskills.in,1791200498157,1791200460669
piyashu.kumari@ei.aeskills.in,1791209847527,1791209793000
piyush.bohara@ei.aeskills.in,1791189037971,1791189035225
piyush.sen1@ei.aeskills.in,1791170109365,1791170105687
pojja.vanjam@ei.aeskills.in,1791187921420,1791187916921
pojjaiah.paddam@ei.aeskills.in,1791187313210,1791187302141
polka.vaishnavi1@ei.aeskills.in,1791180139131,1791180052000
ponnala@ei.aeskills.in,1791179846128,1791179764000
pooja.bheel4@ei.aeskills.in,1791181339828,1791181330366
pooja.bheel5@ei.aeskills.in,1791188464340,1791188353721
pooja.guyikanti@ei.aeskills.in,1791196246866,1791196200595
pooja.k100@ei.aeskills.in,1791199258693,1791199198312
pooja.k331@ei.aeskills.in,1791181076199,1791181072790
pooja.k335@ei.aeskills.in,1791172501841,1791172459059
pooja.k98@ei.aeskills.in,1791198689161,1791198632156
pooja.khushwah1@ei.aeskills.in,1791183546019,1791183469013
pooja.kumari49@ei.aeskills.in,1791169911318,1791169851366
pooja.meena3@ei.aeskills.in,1791222297488,1791222262893
pooja.pusam@ei.aeskills.in,1791193913323,1791193873705
pooja.rawat18@ei.aeskills.in,1791179577603,1791178944458
poojitha.ganapuram@ei.aeskills.in,1791198438316,1791198372000
poojitha.kethavath@ei.aeskills.in,1791189241210,1791189146921
poonam.gurjar5@ei.aeskills.in,1791205555657,1791205550513
poonam.k123@ei.aeskills.in,1791189895622,1791189893065
poonam.rawat7@ei.aeskills.in,1791203376702,1791203369732
poorvi.chawan@ei.aeskills.in,1791191193971,1791191133000
potharaju@ei.aeskills.in,1791174686925,1791174584000
potta.bhanupriya@ei.aeskills.in,1791188958470,1791188813000
potti.varudhimi@ei.aeskills.in,1791187098136,1791186927476
prabhas.jarupla@ei.aeskills.in,1791181295358,1791181237545
prachi.sen1@ei.aeskills.in,1791184036571,1791182935767
pradeep.gurjar9@ei.aeskills.in,1791201743703,1791201739838
pradeep.rawat2@ei.aeskills.in,1791185124164,1791185101611
pradhan0930452@ei.aeskills.in,1791188867261,1791188862869
pragathi.gudapu@ei.aeskills.in,1791197432545,1791197369000
prakash.k32@ei.aeskills.in,1791204317775,1791204313294
pramila.kahar@ei.aeskills.in,1791183844979,1791183792432
pramveer.singh1@ei.aeskills.in,1791172486701,1791172437507
pranalaxmi.pamcham@ei.aeskills.in,1791194706155,1791194626000
pranathi.sangem@ei.aeskills.in,1791197612027,1791197468000
pranay.erpa@ei.aeskills.in,1791183546623,1791183541520
pranaya.godugupally@ei.aeskills.in,1791200136277,1791200069000
praneeth.munigala@ei.aeskills.in,1791187991677,1791187958822
praneeth.punem@ei.aeskills.in,1791182437985,1791182371441
praneethi.yata@ei.aeskills.in,1791187053601,1791186812000
pranitha.ade@ei.aeskills.in,1791197775150,1791197704650
pranitha.madapa@ei.aeskills.in,1791213976673,1791213918048
pranithanjali.manda@ei.aeskills.in,1791180009839,1791179958041
prashamsa.manku@ei.aeskills.in,1791180681209,1791180595053
prashanth.ramavath@ei.aeskills.in,1791178841260,1791178757115
prashanthi.irkoti@ei.aeskills.in,1791199658114,1791199581000
pratigya.gurjar4@ei.aeskills.in,1791181583320,1791181487454
praveen.berwa@ei.aeskills.in,1791175498769,1791175294060
praveen.mehar@ei.aeskills.in,1791205585692,1791205527623
praveen.rawat@ei.aeskills.in,1791176893582,1791176833773
prdeep.mehar@ei.aeskills.in,1791209523795,1791209457000
preethi.sapavath@ei.aeskills.in,1791182591570,1791182526000
preeti.priti@ei.aeskills.in,1791192378812,1791192375644
prem.a1@ei.aeskills.in,1791194168046,1791194075000
prince.k129@ei.aeskills.in,1791181657311,1791181567459
prince.kahar@ei.aeskills.in,1791184180095,1791184151728
prince.meena28@ei.aeskills.in,1791215422693,1791215296986
prince.meena32@ei.aeskills.in,1791176109844,1791176028692
prince.meena33@ei.aeskills.in,1791177040615,1791176956091
prince21@ei.aeskills.in,1791197708152,1791197664331
prince48@ei.aeskills.in,1791209401352,1791209368488
prithaviraj49@ei.aeskills.in,1791209695535,1791209591443
prithk.kahar@ei.aeskills.in,1791182724997,1791182693909
priti.k48@ei.aeskills.in,1791192530283,1791192527049
priya.choudhary4@ei.aeskills.in,1791179462138,1791179419860
priya.deshraj@ei.aeskills.in,1791176031602,1791175926051
priya.gujjar@ei.aeskills.in,1791180204316,1791180126007
priya.gurjar35@ei.aeskills.in,1791189691206,1791189691000
priya.k192@ei.aeskills.in,1791192761997,1791192715396
priya.k197@ei.aeskills.in,1791176399572,1791176366368
priya.k209@ei.aeskills.in,1791181989871,1791181912022
priya.k217@ei.aeskills.in,1791208035932,1791208007676
priya.k40@ei.aeskills.in,1791199513675,1791199350717
priya.kumari443@ei.aeskills.in,1791192923556,1791192881201
priya.paroda@ei.aeskills.in,1791175358204,1791175320249
priya.priya31@ei.aeskills.in,1791181920021,1791181836491
priya0350146@ei.aeskills.in,1791184625416,1791184591537
priyaa1@ei.aeskills.in,1791182557357,1791182427061
priyadharshini.mogulipalli@ei.aeskills.in,1791214163947,1791214102017
priyamani.rathod@ei.aeskills.in,1791190447508,1791190354979
priyanka.choudhary5@ei.aeskills.in,1791173866462,1791173777454
priyanka.k133@ei.aeskills.in,1791187964939,1791187820337
priyanka.kumari328@ei.aeskills.in,1791209615510,1791209539048
priyanka.kumari372@ei.aeskills.in,1791167614694,1791167482480
priyanka.kumari391@ei.aeskills.in,1791173967736,1791173927495
priyanka.mangalchand@ei.aeskills.in,1791182863995,1791182858109
priyanka.pandhram@ei.aeskills.in,1791198595790,1791198521247
priyanka.rawat27@ei.aeskills.in,1791179457127,1791179408594
priyanka.rawat29@ei.aeskills.in,1791196221392,1791196216774
priyanka.saini6@ei.aeskills.in,1791176210278,1791176169439
priyanka.talandi@ei.aeskills.in,1791198145329,1791198146340
priyanka.taylor@ei.aeskills.in,1791173392733,1791173343619
priyanka0930457@ei.aeskills.in,1791189170495,1791189166610
priyanka32@ei.aeskills.in,1791200620140,1791200582311
priyanshi.kahar@ei.aeskills.in,1791183139771,1791183075875
priyanshi.sharma34@ei.aeskills.in,1791176099434,1791176064925
priyanshi07001137@ei.aeskills.in,1791206334631,1791206289817
priynka.k1@ei.aeskills.in,1791199781722,1791199702789
prudvinaik.lakavath@ei.aeskills.in,1791179488178,1791179424220
puja.k12@ei.aeskills.in,1791177705641,1791177655621
pulijala.medhasri@ei.aeskills.in,1791192439260,1791192268398
pulluri.nandini@ei.aeskills.in,1791197181149,1791197182318
puneet.mehra@ei.aeskills.in,1791177313794,1791177300111
punem.sanjana1@ei.aeskills.in,1791198937053,1791198646508
purka.sonadevi@ei.aeskills.in,1791213113749,1791213079417
purnima.sonkamble@ei.aeskills.in,1791188481204,1791188278000
purnima0880121@ei.aeskills.in,1791182789970,1791182562567
putta.akshitha@ei.aeskills.in,1791190495648,1791190411773
r.avinash1@ei.aeskills.in,1791194890453,1791194222000
r.dinesh1@ei.aeskills.in,1791194748541,1791194292000
r.jashwanth@ei.aeskills.in,1791194639797,1791194331000
rabeeya.bee@ei.aeskills.in,1791189765317,1791189716225
rachna.choudhary@ei.aeskills.in,1791177083554,1791177046755
rachna.k25@ei.aeskills.in,1791207299513,1791207262000
rachna.kumari32@ei.aeskills.in,1791216830579,1791216790501
rachna.kumari5@ei.aeskills.in,1791207495617,1791207447460
radha.bai24@ei.aeskills.in,1791186868301,1791186827189
radha.k100@ei.aeskills.in,1791201765036,1791201702000
radha.k81@ei.aeskills.in,1791198834742,1791198790920
radha.meena4@ei.aeskills.in,1791170284035,1791170169892
radha.radha11@ei.aeskills.in,1791169239952,1791169196952
radhey.nagar552@ei.aeskills.in,1791178095067,1791178047771
radhika.edannagari@ei.aeskills.in,1791200643786,1791200580000
radhika.gurjar27@ei.aeskills.in,1791194508714,1791194371782
radhika.k238@ei.aeskills.in,1791209769939,1791209711002
radhika.k251@ei.aeskills.in,1791192960962,1791192871000
radhika.k257@ei.aeskills.in,1791200966618,1791200900000
radhika.k259@ei.aeskills.in,1791207191931,1791207155000
radhika.kumari276@ei.aeskills.in,1791175797739,1791175665537
radhika.meena36@ei.aeskills.in,1791177803087,1791177698343
radhika2221@ei.aeskills.in,1791199031943,1791198950530
radhika50@ei.aeskills.in,1791210053824,1791210022334
radhika81@ei.aeskills.in,,1791185154000
ragavi.torrem@ei.aeskills.in,1791198538696,1791198539401
raghuveer.k1@ei.aeskills.in,1791179372954,1791179364168
raghv.kumar@ei.aeskills.in,1791209392414,1791209298878
ragula@ei.aeskills.in,1791176608007,1791176541000
rahul.k227@ei.aeskills.in,1791202565820,1791202528000
rahul.m7@ei.aeskills.in,,1791175154763
rahul.satyanarayan1@ei.aeskills.in,1791176025524,1791176020914
rahul.singh70@ei.aeskills.in,1791179615450,1791179582225
rahul.suman4@ei.aeskills.in,1791177009497,1791176951486
rajan.k15@ei.aeskills.in,1791169621518,1791169529208
rajasri.sandra@ei.aeskills.in,1791184920854,1791184921639
rajeshwaeri.vankudavath@ei.aeskills.in,1791190385462,1791190258718
rajeshwari.rathod1@ei.aeskills.in,1791198984631,1791198869339
rajini.kalaboina@ei.aeskills.in,1791204153523,1791204139168
rajitha.gaddam@ei.aeskills.in,,1791140079758
rajkumar.kumar10@ei.aeskills.in,1791197417730,1791197363561
rajkumar.kumar11@ei.aeskills.in,1791204113861,1791204082470
rajkumar.salavath@ei.aeskills.in,1791179146553,1791178978702
rajkumari.kumari2@ei.aeskills.in,1791169647434,1791169542952
rajnish.kumar13@ei.aeskills.in,1791200578909,1791200576571
raju.paddam@ei.aeskills.in,1791181256701,1791181251895
raju.vellangi@ei.aeskills.in,1791192900993,1791192663613
rajveer.gurjar15@ei.aeskills.in,1791174504078,1791174500812
rajveer.gurjar25@ei.aeskills.in,1791174612962,1791174576952
rajveer.paroda1@ei.aeskills.in,1791175899217,1791175837349
rajveer.rawat41@ei.aeskills.in,1791190082269,1791190077611
rajveer.singh253@ei.aeskills.in,1791171780349,1791171756791
rajveer0930433@ei.aeskills.in,1791183817184,1791183809383
rakesh.b1@ei.aeskills.in,1791182273419,1791182174334
rakesh.k11@ei.aeskills.in,1791200142659,1791200079113
rakesh.kaka@ei.aeskills.in,1791190719737,1791190642797
raksha.k49@ei.aeskills.in,1791216692599,1791216688338
rakshakudu.jajjari@ei.aeskills.in,1791180371898,1791180302059
rakshita.meena4@ei.aeskills.in,1791223403422,1791223369057
rakshitha.dhanavath@ei.aeskills.in,1791193441790,1791193317511
rakshitha.gaddam@ei.aeskills.in,1791185518042,1791185457000
rakshitha.kallepu@ei.aeskills.in,1791201246389,1791201161000
rakshitha.malavath@ei.aeskills.in,1791191685896,1791191547000
rakshitha.muddaboina@ei.aeskills.in,1791212752663,1791184245575
rakshitha.pasi@ei.aeskills.in,1791188660507,1791188278861
rakshitha37@ei.aeskills.in,1791181198368,1791181131696
ram.berwa@ei.aeskills.in,1791222722042,1791222684394
ram.gopal6@ei.aeskills.in,1791177079745,1791177028198
ram.jivan@ei.aeskills.in,1791175101604,1791174968183
ram.k17@ei.aeskills.in,1791187043372,1791186993347
ram.navish@ei.aeskills.in,1791178102181,1791178058782
rama.maske@ei.aeskills.in,1791191889667,1791191587000
ramavath.jhansi@ei.aeskills.in,1791187957081,1791187032541
ramavath.neha@ei.aeskills.in,1791189681108,1791189570412
ramavath.shanvika@ei.aeskills.in,1791191502861,1791191396944
ramcharan.d1@ei.aeskills.in,1791181829524,1791181767184
ramkanya.kalyanprasad@ei.aeskills.in,1791174114619,1791173979911
ramkrishan.kumar1@ei.aeskills.in,1791169134350,1791168968954
ramlal900@ei.aeskills.in,1791186393648,1791186289829
ramniwash.lodha@ei.aeskills.in,1791203872229,1791203834701
ramraj.gurjar3@ei.aeskills.in,1791173555684,1791173553105
ramraj.kumar2@ei.aeskills.in,1791203318947,1791203256971
ramraj.meena@ei.aeskills.in,1791178331019,1791178180211
ramsingh.k@ei.aeskills.in,1791200576639,1791200513565
ramu.banoth@ei.aeskills.in,1791181550816,1791181451533
ramya.azmera@ei.aeskills.in,1791180822391,1791180683109
ramya.kallem@ei.aeskills.in,1791188029303,1791187867000
ramya.m7@ei.aeskills.in,1791176808692,1791176755822
ranglal.gurjat@ei.aeskills.in,1791169766485,1791169762623
rani.kumari177@ei.aeskills.in,1791170504582,1791170332514
ranjana.k12@ei.aeskills.in,1791174148624,1791174095557
ranjeet.gurjar6@ei.aeskills.in,1791182217375,1791182190230
ranjith.sode@ei.aeskills.in,1791186036442,1791186035493
ranu.k17@ei.aeskills.in,1791177457303,1791177404358
ranu.k18@ei.aeskills.in,1791210606651,1791210565000
ranveer.meena2@ei.aeskills.in,1791223063183,1791223028632
ranveer.singh92@ei.aeskills.in,1791184413461,1791184395633
rashi.kumari5@ei.aeskills.in,1791206923982,1791206883565
rashwitha.akula@ei.aeskills.in,1791200674487,1791200580000
rasila.gurjar1@ei.aeskills.in,1791186654109,1791186650511
rasmina.bee@ei.aeskills.in,1791201723910,1791201637543
rathod.kanchan@ei.aeskills.in,1791189660560,1791189543000
raval.kalveliya@ei.aeskills.in,1791183341244,1791183272175
raveena.k8@ei.aeskills.in,1791191477748,1791191430180
raveena.raveena1@ei.aeskills.in,1791172441110,1791172438778
raveena03501127@ei.aeskills.in,1791174131148,1791174121294
ravi.k77@ei.aeskills.in,1791207641411,1791207608000
ravi.rawat25@ei.aeskills.in,1791184693767,1791184675730
ravi.singh39@ei.aeskills.in,1791179801074,1791179760178
ravi.singh47@ei.aeskills.in,1791201428188,1791201421786
ravi.singh55@ei.aeskills.in,1791203102563,1791203095954
ravikumar.madakam@ei.aeskills.in,1791177638000,1791177515141
ravina.bankatsingh@ei.aeskills.in,1791171947355,1791171872910
ravina.gurjar12@ei.aeskills.in,1791174124803,1791174095626
ravina.k52@ei.aeskills.in,1791201390304,1791201330000
ravindhar.maloth@ei.aeskills.in,1791181133778,1791181102863
ravindra.singh6@ei.aeskills.in,1791203678341,1791203677386
raziya07001144@ei.aeskills.in,1791206542996,1791206504285
reena.k40@ei.aeskills.in,1791183902586,1791183900085
reena.radheshyam@ei.aeskills.in,1791169756985,1791169661231
reeya.bheel@ei.aeskills.in,1791215216946,1791215214983
rekha.k35@ei.aeskills.in,1791172902608,1791172899318
rekha.k69@ei.aeskills.in,1791201241583,1791201188000
rekha.kamlesh@ei.aeskills.in,1791175822389,1791175750094
renuka.megwal@ei.aeskills.in,1791179277854,1791179105000
renusri.pottipaka@ei.aeskills.in,1791203416342,1791203411786
renusri.sokkam@ei.aeskills.in,1791200993910,1791200699000
revanth.madakam@ei.aeskills.in,1791186592342,1791186505915
revanth.sabavath@ei.aeskills.in,1791196692941,1791196694013
reyan.nagar@ei.aeskills.in,1791186210446,1791186161449
ridhi.kumari16@ei.aeskills.in,1791214048448,1791214008856
rihan.vage@ei.aeskills.in,1791189951136,1791189876102
rihana.k6@ei.aeskills.in,1791178645837,1791178600627
rijwana.bano6@ei.aeskills.in,1791196785538,1791196743335
ripika.korra@ei.aeskills.in,1791190614721,1791190299375
risheb.rawat@ei.aeskills.in,1791182108201,1791181722676
rishi.kahar@ei.aeskills.in,1791179764998,1791179434002
rishi.kanithi@ei.aeskills.in,1791176594195,1791176555826
rishi.madakam@ei.aeskills.in,1791182961902,1791182911471
rishi.tellam@ei.aeskills.in,1791175967154,1791175866183
rishika.bheel2@ei.aeskills.in,1791175691332,1791175637698
rishika.meena11@ei.aeskills.in,1791183702894,1791183690443
rishika.nagar1@ei.aeskills.in,1791181817924,1791181766377
rishiteja.thama@ei.aeskills.in,1791184214997,1791184126583
rishitha.bandaru@ei.aeskills.in,1791198779758,1791198723000
rishitha.challa@ei.aeskills.in,1791187110598,1791186896923
rishivardhan.korsa@ei.aeskills.in,1791177802273,1791177703279
rishivardhan.parshika@ei.aeskills.in,1791187511918,1791187463119
rishvika.methari@ei.aeskills.in,1791194240922,1791193876665
ritesh.yogi@ei.aeskills.in,1791179189012,1791179095668
ritesh33@ei.aeskills.in,1791200783575,1791200741123
rithik.kumar5@ei.aeskills.in,1791223263939,1791223264970
rithiwika.sudamala@ei.aeskills.in,1791174143446,1791174099000
ritika.k103@ei.aeskills.in,1791209406158,1791209353801
ritika.k123@ei.aeskills.in,1791215837243,1791215834037
ritika.meena33@ei.aeskills.in,1791183564955,1791183550910
ritika.meena9@ei.aeskills.in,1791211718381,1791211603553
ritika.nogiya@ei.aeskills.in,1791172737772,1791172691408
ritu.gurjar2@ei.aeskills.in,1791204070297,1791204064994
ritu.k33@ei.aeskills.in,1791178848747,1791178763071
ritu0880122@ei.aeskills.in,1791183266242,1791183004290
riya.kumari347@ei.aeskills.in,1791175269346,1791175264466
riya.kumari389@ei.aeskills.in,1791189119647,1791188356800
riya.nagar2@ei.aeskills.in,1791172395767,1791172392481
riya.satla@ei.aeskills.in,1791193506645,1791193358000
riyan.khan9@ei.aeskills.in,1791204246098,1791204195328
riyanka.k@ei.aeskills.in,1791176570461,1791176508809
riyaz.ali1@ei.aeskills.in,1791192373249,1791192313875
rohit.bairwa11@ei.aeskills.in,1791179519795,1791179294675
rohit.bhil14@ei.aeskills.in,1791171790532,1791171785995
rohit.k005@ei.aeskills.in,1791202083077,1791202044000
rohit.k006@ei.aeskills.in,1791201103285,1791201041000
rohit.k007@ei.aeskills.in,1791206786198,1791206750000
rohit.k595@ei.aeskills.in,1791214137613,1791214133176
rohit.k641@ei.aeskills.in,1791209526871,1791209521689
rohit.kumar687@ei.aeskills.in,1791192237897,1791192197861
rohit.rohit19@ei.aeskills.in,1791183357574,1791183311998
rohit.rohit23@ei.aeskills.in,1791174145245,1791174142496
rohit911@ei.aeskills.in,1791186405170,1791186367778
rohith.gaykwod@ei.aeskills.in,,1791175709616
rohith.karam2@ei.aeskills.in,1791180533835,1791180433989
rohitha.suthari@ei.aeskills.in,1791216383838,1791216230050
rohithkumar.boggam@ei.aeskills.in,1791189349491,1791189199751
rohithkumar.patel@ei.aeskills.in,1791190373131,1791190235000
ronak.meena7@ei.aeskills.in,1791217140065,1791217119445
ronak.meghwal554@ei.aeskills.in,1791179279121,1791179169022
rosandeep.kunja@ei.aeskills.in,1791180988915,1791180949236
rubina.banu1@ei.aeskills.in,1791182839470,1791182837445
rubina.k16@ei.aeskills.in,1791176517280,1791176482988
rubina.k17@ei.aeskills.in,1791178040097,1791177967789
ruchika.neerudi@ei.aeskills.in,1791196839459,1791196731000
rudraksh.bheel@ei.aeskills.in,1791174295749,1791174152000
rudraksha.meena@ei.aeskills.in,1791222060915,1791222023542
rupesh.gurjar1@ei.aeskills.in,1791196644788,1791196436065
s.jashwanth1@ei.aeskills.in,1791194689627,1791194310000
s.kumar20@ei.aeskills.in,1791195833997,1791195278000
s.laxman@ei.aeskills.in,1791194967277,1791194329000
s.muralidhar@ei.aeskills.in,1791195852718,1791195279000
s.teja2@ei.aeskills.in,1791222941999,1791222942984
saabheeya.bee@ei.aeskills.in,1791189884494,1791189844286
sachin.gurjar2@ei.aeskills.in,1791200257063,1791200250295
sachin.gurjar32@ei.aeskills.in,1791172492862,1791172456863
sachin0930458@ei.aeskills.in,1791189304631,1791189298424
sadhana.ramgopal@ei.aeskills.in,1791173847009,1791173759890
sadiyam.nandini@ei.aeskills.in,1791187935977,1791187791418
sagar.banjara@ei.aeskills.in,1791209151939,1791209087000
sagar.singh28@ei.aeskills.in,1791200724715,1791200721140
sagarika.penaka@ei.aeskills.in,1791213589457,1791213531870
sahaja.ellula@ei.aeskills.in,1791192141362,1791192111795
sahasra.burani@ei.aeskills.in,1791202572026,1791202505000
sahasra.chilumala@ei.aeskills.in,1791185189923,1791184763000
sahasra.sree1@ei.aeskills.in,1791196257186,1791196183000
saheeba.bee@ei.aeskills.in,1791190008408,1791189965418
sahil.meena19@ei.aeskills.in,1791182798452,1791182771496
sahil.meghwal@ei.aeskills.in,1791186020069,1791185990471
sahil0880123@ei.aeskills.in,1791183816592,1791183614471
sahithi.kanchu@ei.aeskills.in,1791181471431,1791181418000
sahithi.putta@ei.aeskills.in,1791198802697,1791198698505
sahithi.udutha@ei.aeskills.in,1791176811744,1791176744834
sahithya.madavi@ei.aeskills.in,1791199718077,1791199589000
sahiti.kundatithi@ei.aeskills.in,1791182242681,1791182109000
sai.gaini@ei.aeskills.in,1791178416008,1791178010763
saideepthi.korra@ei.aeskills.in,1791184982504,1791184932154
saikumar.macha@ei.aeskills.in,1791182845268,1791182792236
saipriya.manda@ei.aeskills.in,1791185623152,1791185571177
saipriya.torrem@ei.aeskills.in,1791198580032,1791198580820
sairam.sonde@ei.aeskills.in,1791183719600,1791183656519
saiteja.alakunta@ei.aeskills.in,1791191241324,1791190768000
saiteja.alem@ei.aeskills.in,1791181404825,1791181400419
saketh.polaboina@ei.aeskills.in,1791181286589,1791181192302
sakshi.gurjar1@ei.aeskills.in,1791174937112,1791174933908
sakshi.kumari343@ei.aeskills.in,1791194729924,1791194660000
sakshi03501128@ei.aeskills.in,1791174410309,1791174399560
sakshi0700198@ei.aeskills.in,1791204875781,1791202197292
sakunthala.ade@ei.aeskills.in,1791189473233,1791189343000
salde.dikshith@ei.aeskills.in,1791176026992,1791176027758
salman.k15@ei.aeskills.in,1791185096365,1791185093788
sameer55@ei.aeskills.in,1791204072762,1791204026868
sameera.bee@ei.aeskills.in,1791190132972,1791190084273
sameera.porsetty@ei.aeskills.in,1791199823103,1791199823850
samina.k3@ei.aeskills.in,1791175425256,1791175382314
samir.k29@ei.aeskills.in,1791203796582,1791203755000
samira.k5@ei.aeskills.in,1791175708051,1791175665046
samitha.madivi@ei.aeskills.in,1791190212748,1791190209884
sampath.katiboina1@ei.aeskills.in,1791180775248,1791180704922
sampath.katiboina@ei.aeskills.in,1791176320109,1791176304162
sampath.turupati@ei.aeskills.in,,1791195489359
sana.bee3@ei.aeskills.in,1791190542998,1791190484686
sandeep.bhil@ei.aeskills.in,1791191292279,1791191263629
sandeep.bhukya2@ei.aeskills.in,1791184782824,1791184729457
sandeep.ramcharan@ei.aeskills.in,1791177699419,1791177557456
sandeep.sonde1@ei.aeskills.in,1791178890740,1791178813091
sandeep0350141@ei.aeskills.in,1791182878218,1791182793284
sandhya.karam@ei.aeskills.in,1791202245798,1791202130000
sandhyavaru.jayanthi@ei.aeskills.in,1791188738329,1791188739329
sandip.kumar44@ei.aeskills.in,1791167797495,1791167741199
sandyarani.kethavath1@ei.aeskills.in,1791182233969,1791182169000
sandyarani.paneti@ei.aeskills.in,1791187792499,1791187405000
sangeetha.jarpula@ei.aeskills.in,1791199299964,1791199300698
sangem@ei.aeskills.in,1791185229286,1791185150000
sangpu.sathwika@ei.aeskills.in,1791191462175,1791191307735
saniya.bee3@ei.aeskills.in,1791186595629,1791186543001
saniya.k78@ei.aeskills.in,1791176675108,1791176673190
saniya.kathat3@ei.aeskills.in,1791202441252,1791202436482
sanjana.a5@ei.aeskills.in,1791190029132,1791189405000
sanjana.kumari48@ei.aeskills.in,1791184979475,1791184900095
sanjana.kundathithi@ei.aeskills.in,1791182962224,1791182881000
sanjana.mekala2@ei.aeskills.in,1791184773667,1791184727420
sanjana.p5@ei.aeskills.in,1791177597754,1791177553755
sanjana.thurram@ei.aeskills.in,1791188388301,1791188386153
sanjana0930459@ei.aeskills.in,1791189795890,1791189791000
sanjana922@ei.aeskills.in,1791186706294,1791186558307
sanjay.k24@ei.aeskills.in,1791184434999,1791184335525
sanjay.lakavath@ei.aeskills.in,1791181397801,1791181360792
sanjaykumar.k3@ei.aeskills.in,1791210101656,1791210022000
sanjna.kumari40@ei.aeskills.in,1791190852279,1791190827747
sanju.gurjar10@ei.aeskills.in,1791173331123,1791173280192
sanju.k45@ei.aeskills.in,1791193172006,1791193118210
sanju.k46@ei.aeskills.in,1791193333911,1791193294488
sanju03501129@ei.aeskills.in,1791174666414,1791174660342
sanju51@ei.aeskills.in,1791210282532,1791210200410
sankeerthana.karam@ei.aeskills.in,1791187314818,1791187312275
sankeerthana.komaram@ei.aeskills.in,1791197916754,1791197434000
sankeerthana.naitham@ei.aeskills.in,1791200377889,1791200378889
sannapuri@ei.aeskills.in,1791184030401,1791183967000
sanni.kalveliya@ei.aeskills.in,1791176268614,1791176202713
sanskar52@ei.aeskills.in,1791204179938,1791204145396
santhaipet.omkar1@ei.aeskills.in,1791202870437,1791202871449
santhosh.m5@ei.aeskills.in,1791182136187,1791182120000
santhosh.madivi@ei.aeskills.in,1791190212439,1791190164762
santokh.k@ei.aeskills.in,1791193795913,1791193717063
santosh.kumar80@ei.aeskills.in,1791215563949,1791215531401
santra.rawat@ei.aeskills.in,1791177698874,1791177657545
sanvi.gajje@ei.aeskills.in,1791181698414,1791181253000
sanvi.pitla@ei.aeskills.in,1791191405568,1791191246726
sanwi.arpula@ei.aeskills.in,1791179272830,1791179197991
sapavath.jhansi@ei.aeskills.in,1791189349924,1791189209000
sapavath.soundarya@ei.aeskills.in,1791182714716,1791182625000
sapavath.srilatha@ei.aeskills.in,1791182267016,1791182237314
sapna.rawat29@ei.aeskills.in,1791170125425,1791170085272
sapna.regar1@ei.aeskills.in,1791172717395,1791172717000
sara0880124@ei.aeskills.in,1791184199853,1791184091856
saraswathi.peguda@ei.aeskills.in,1791188742693,1791188501000
saraswathi.tejavath@ei.aeskills.in,1791181342520,1791181020226
saraswathi.thodasam@ei.aeskills.in,1791196239461,1791196006000
sarwan.meghwal@ei.aeskills.in,1791179409771,1791179340020
sathish.katroth@ei.aeskills.in,1791183326751,1791183286881
sathvik.sonde@ei.aeskills.in,1791191124703,1791182739207
sathvika.perila@ei.aeskills.in,1791217426676,1791217393542
sathwika.giri@ei.aeskills.in,1791184072732,1791183291000
satveer03501130@ei.aeskills.in,1791175180987,1791175181000
satvik.boda@ei.aeskills.in,1791184008914,1791183855726
savikya.kunja@ei.aeskills.in,1791187889244,1791187887291
savitha.ajmera@ei.aeskills.in,1791200808441,1791200809150
savithri.daineni@ei.aeskills.in,1791201035043,1791201035743
sawaruparani.ada@ei.aeskills.in,,1791181017000
seema.k44@ei.aeskills.in,1791182711283,1791182705767
seema03501131@ei.aeskills.in,1791175403186,1791175396925
segyama.navaneeth@ei.aeskills.in,1791188262290,1791188263303
shabnan.k@ei.aeskills.in,1791201757452,1791201605556
shahzaad.akhtar@ei.aeskills.in,1791182156783,1791182154312
shailaja.durva@ei.aeskills.in,1791201265660,1791201266660
shak.ujefnijam@ei.aeskills.in,1791191899519,1791191801000
shakti0930460@ei.aeskills.in,1791189961786,1791189956833
shalini.katepalli@ei.aeskills.in,1791191386354,1791191231888
shamikya.solam@ei.aeskills.in,1791192678428,1791192651000
shankar54@ei.aeskills.in,1791204305110,1791204272942
shanu.khan1@ei.aeskills.in,1791192124863,1791192079774
shanvi.nimma@ei.aeskills.in,1791192339964,1791192259000
shanvika.kirad@ei.aeskills.in,1791215223356,1791215178571
sharafat.ali1@ei.aeskills.in,1791181133510,1791181128857
sharana.k@ei.aeskills.in,1791173567692,1791173525552
sharanya.bandari@ei.aeskills.in,1791196670438,1791196608000
sharanya.dabula@ei.aeskills.in,1791186471296,1791185842000
sharmila.r3@ei.aeskills.in,1791176567495,1791176481603
shashikala.pallikonda@ei.aeskills.in,1791192626653,1791192591000
shashirekha.vuyika@ei.aeskills.in,1791191730680,1791191706000
shashwitha.kottagally@ei.aeskills.in,1791202300429,1791202228000
shasikala.jadhav@ei.aeskills.in,1791192385773,1791192353000
shersingh.k@ei.aeskills.in,1791176060279,1791176020224
sheshikumar.kanithi@ei.aeskills.in,1791176725661,1791176649802
shifa0880125@ei.aeskills.in,1791184530324,1791184463954
shilpa03501132@ei.aeskills.in,1791175609870,1791175603621
shimla.k1@ei.aeskills.in,1791182274565,1791182269840
shimla.k2@ei.aeskills.in,1791194064670,1791194009874
shimla.meena@ei.aeskills.in,1791213606828,1791213571354
shindhura.athram@ei.aeskills.in,1791199435940,1791199282237
shirisha.adula@ei.aeskills.in,1791185492426,1791185493207
shirisha.g1@ei.aeskills.in,1791183092762,1791183037000
shiv.bairwa@ei.aeskills.in,1791188880662,1791188730957
shiva.d1@ei.aeskills.in,1791183039534,1791182985000
shiva.sodi@ei.aeskills.in,1791182247595,1791182234000
shivadurga.chennaipalli@ei.aeskills.in,1791187865300,1791187068000
shivakumar.parshika1@ei.aeskills.in,1791188361888,1791188293191
shivakumar.tellam1@ei.aeskills.in,1791176195865,1791176059234
shivam.meena3@ei.aeskills.in,1791219165309,1791219124496
shivam.regar548@ei.aeskills.in,1791180487041,1791180452509
shivan.k1@ei.aeskills.in,1791209266536,1791209210000
shivani.bheel18@ei.aeskills.in,1791214573564,1791214572530
shivani.gurjar10@ei.aeskills.in,1791201538406,1791201535183
shivani.k105@ei.aeskills.in,1791179266673,1791179194379
shivani.k254@ei.aeskills.in,1791201474332,1791201429000
shivani.k255@ei.aeskills.in,1791174869549,1791174827825
shivani.k292@ei.aeskills.in,1791171587755,1791171581796
shivani.kumari465@ei.aeskills.in,1791217287040,1791217242739
shivani.kumari533@ei.aeskills.in,1791190975936,1791190936631
shivani.kumari555@ei.aeskills.in,1791174522650,1791174482032
shivani.meena3@ei.aeskills.in,1791223165951,1791223134603
shivani.megaval@ei.aeskills.in,1791195285209,1791195165412
shivani.regar@ei.aeskills.in,1791178849988,1791178835547
shivani.saini7@ei.aeskills.in,1791181349092,1791181131210
shivani.thumma@ei.aeskills.in,1791195769901,1791195717068
shivani03501133@ei.aeskills.in,1791175881678,1791175874107
shivani522@ei.aeskills.in,1791210445765,1791210418038
shivanya.bheel@ei.aeskills.in,1791214277254,1791214274821
shivanya.kumari6@ei.aeskills.in,1791174204011,1791174200426
shivaram.irpa@ei.aeskills.in,1791189132309,1791189069122
shivraj.gurjar10@ei.aeskills.in,1791171885915,1791171882842
shivshankar.kumar8@ei.aeskills.in,1791203427114,1791203390369
shiya.k4@ei.aeskills.in,1791207439600,1791207371000
shreshta.ayiti@ei.aeskills.in,1791197178651,1791197064000
shreshta.palnati@ei.aeskills.in,1791197538434,1791197482000
shriram.kumar2@ei.aeskills.in,1791180162234,1791180148691
shubham.saini4@ei.aeskills.in,1791184123891,1791183852000
shubham.suman1@ei.aeskills.in,1791188582092,1791188548265
shuhasini.pawar@ei.aeskills.in,1791193107993,1791193089000
shushanthkumar.ubba@ei.aeskills.in,1791176986748,1791176928527
shyam.suman@ei.aeskills.in,1791175185942,1791175141005
shyamala.chandana@ei.aeskills.in,1791200415708,1791200362000
shyamala.divya@ei.aeskills.in,1791200650543,1791200602000
siddharth.gurjar2@ei.aeskills.in,1791201319714,1791201315061
sidharth.gurjar@ei.aeskills.in,1791183883582,1791181902270
sidhi.kumari6@ei.aeskills.in,1791213059619,1791213033392
sidhu.banooth@ei.aeskills.in,1791180643034,1791180608403
sidhu.kommaram@ei.aeskills.in,1791189488617,1791189430714
sidhu.korsa@ei.aeskills.in,1791178337207,1791178276736
sidhu.tejavath@ei.aeskills.in,1791182716460,1791182669958
simran.k123@ei.aeskills.in,1791177055190,1791177014405
simran.k126@ei.aeskills.in,1791174070837,1791174009090
simran.meena3@ei.aeskills.in,1791219602034,1791219559117
sindhu.mankida@ei.aeskills.in,1791214294045,1791214234515
sindhu.pendhur@ei.aeskills.in,1791197010312,1791196812000
sindhu1.guguloth@ei.aeskills.in,1791183829117,1791183768865
sindhusri.punam@ei.aeskills.in,1791216547992,1791216453271
sinduja.banoth@ei.aeskills.in,1791181593499,1791181553825
sinem.bee@ei.aeskills.in,1791192393414,1791192357556
siri.k4@ei.aeskills.in,1791199279337,1791199222000
siri.monupati@ei.aeskills.in,1791189877402,1791189781100
siri.pajjuri@ei.aeskills.in,1791176409703,1791176353461
siricilla.chandana@ei.aeskills.in,1791179557855,1791179558964
sirigiri.akshaykumar1@ei.aeskills.in,1791204969007,1791204969996
siripelli.mythili@ei.aeskills.in,1791193201603,1791193025323
sita.gurjar1@ei.aeskills.in,1791173818191,1791173767461
sitaram0880126@ei.aeskills.in,1791184754175,1791184679126
siya.gurjar1@ei.aeskills.in,1791192156959,1791192103979
siyaram.k@ei.aeskills.in,1791180054262,1791179887861
siyaram93@ei.aeskills.in,1791186636604,1791186597135
smilika.mood@ei.aeskills.in,1791191009775,1791190927000
smruthi.bhaskare@ei.aeskills.in,1791193266654,1791192876000
snehasri.dharavath@ei.aeskills.in,1791181371009,1791181248498
snehasri.vachavayi@ei.aeskills.in,1791180477891,1791180356000
snehitha.thoudu@ei.aeskills.in,1791192498270,1791192420000
sode.nagasree@ei.aeskills.in,1791204575112,1791204408720
sode.sheerisha@ei.aeskills.in,1791202479434,1791202385000
sodi.lakxman@ei.aeskills.in,1791193682943,1791193416000
sodi.laxmi@ei.aeskills.in,1791198359166,1791198309779
sodi.nani@ei.aeskills.in,1791195794096,1791195472000
sodi.sriram@ei.aeskills.in,1791195901156,1791194863000
sodi.syamala@ei.aeskills.in,1791198217311,1791198162335
sohil.shak@ei.aeskills.in,,1791176789256
sohinisri.mandula@ei.aeskills.in,1791181001018,1791180921749
solla.avanthika@ei.aeskills.in,1791201376820,1791201376000
sonakshi.k59@ei.aeskills.in,1791177857584,1791177716000
sonakshi.saini1@ei.aeskills.in,1791183460839,1791183202712
sonal53@ei.aeskills.in,1791204432493,1791204397859
sonam.choudhary2@ei.aeskills.in,1791173274291,1791173139492
sonica.k@ei.aeskills.in,1791177847728,1791177803697
soniya0930461@ei.aeskills.in,1791190102042,1791190097406
sonu.k120@ei.aeskills.in,1791194244983,1791194175953
sonu.k127@ei.aeskills.in,1791176734520,1791176685948
sonu.rawat34@ei.aeskills.in,1791174092785,1791174088741
sonu.singh31@ei.aeskills.in,1791172692027,1791172647763
sonu141@ei.aeskills.in,1791177296665,1791177236374
sonu2331@ei.aeskills.in,1791199320327,1791199175187
sony.samudarala@ei.aeskills.in,1791188299899,1791188029000
soumya.bandari@ei.aeskills.in,1791216798274,1791216685546
sourabhkumar.madavi@ei.aeskills.in,1791183363389,1791183361288
sowjanya.karam1@ei.aeskills.in,1791190414085,1791190411640
soyam.reshma@ei.aeskills.in,1791200278261,1791200154000
soyam.umamaheswari@ei.aeskills.in,1791202234252,1791202130000
soyam.varshith@ei.aeskills.in,,1791170078000
spandana.danulla@ei.aeskills.in,1791200010652,1791199940000
spandana.tatapudi@ei.aeskills.in,1791184228258,1791184121000
sravani.banoth3@ei.aeskills.in,1791186666279,1791186465164
sravani.bhanoth@ei.aeskills.in,1791195308357,1791195106407
sravani.boda1@ei.aeskills.in,1791190830844,1791190809000
sravani.mood1@ei.aeskills.in,1791187761329,1791187371849
sravya.m@ei.aeskills.in,1791177412722,1791177306677
sravya.madapa@ei.aeskills.in,1791183376954,1791183168256
sreeja.chevula@ei.aeskills.in,1791200272039,1791200213000
sreeveni.rathod@ei.aeskills.in,,1791180691000
sri.dhanya@ei.aeskills.in,1791179748418,1791179676629
sridharshini.erpula@ei.aeskills.in,1791198200510,1791198134120
sriharshateja.ubba@ei.aeskills.in,1791179341061,1791179280739
srihitha.alam@ei.aeskills.in,1791214975798,1791214765795
sriindu.gariganti@ei.aeskills.in,1791187357973,1791186844000
srija.banoth@ei.aeskills.in,1791181673182,1791181547966
srija.karni@ei.aeskills.in,1791201926894,1791201874185
srikruthi.katkam@ei.aeskills.in,1791189099123,1791188818000
srilatha.ade1@ei.aeskills.in,,1791196755000
srilatha.ade@ei.aeskills.in,1791190091840,1791189846000
srilatha.banoth@ei.aeskills.in,1791190185438,1791188689000
srilaxmibhavishya.thrupu@ei.aeskills.in,1791194846656,1791194768000
srilekha.lavudya@ei.aeskills.in,1791182370130,1791182336774
srinath.m1@ei.aeskills.in,1791184152409,1791184085229
srinidhi.m5@ei.aeskills.in,,1791179334552
srinidhi.pasupula@ei.aeskills.in,1791182360467,1791181805000
srinitha.nunsavath1@ei.aeskills.in,1791182663437,1791182293000
srinithya.chintakuntla@ei.aeskills.in,1791177997485,1791177933000
srinu.yetti@ei.aeskills.in,1791200258190,1791200254888
sriram.d4@ei.aeskills.in,1791181627473,1791181564777
srishanth5@ei.aeskills.in,,1791179760537
sruthi.a2@ei.aeskills.in,1791175895282,1791175874648
sruthi.k6@ei.aeskills.in,1791181526430,1791181257791
strevena.suvarnapaka@ei.aeskills.in,1791216154052,1791216083093
subhadra.sode@ei.aeskills.in,1791190012160,1791190009662
subham.prajapat1@ei.aeskills.in,1791201031435,1791201025392
sudiksha0620112@ei.aeskills.in,1791192710123,1791192658098
sugana.bheel@ei.aeskills.in,1791178404792,1791178391794
sugna.k12@ei.aeskills.in,1791178127281,1791178082652
sugnta.k@ei.aeskills.in,1791194398616,1791194338772
suhana.kumari48@ei.aeskills.in,1791191663026,1791191625425
suharshitha.suthari@ei.aeskills.in,1791215869968,1791215830081
sulena.k@ei.aeskills.in,1791201234624,1791201204400
sumalatha.kondru@ei.aeskills.in,1791190886709,1791190884128
suman.biramchand@ei.aeskills.in,1791170329874,1791170247478
suman.chakati@ei.aeskills.in,1791189118164,1791189064000
suman.k126@ei.aeskills.in,,1791194509859
suman.k130@ei.aeskills.in,1791176917933,1791176872201
suman.k131@ei.aeskills.in,1791206401079,1791206357000
suman.k132@ei.aeskills.in,1791176378497,1791176321593
suman.k140@ei.aeskills.in,1791171244338,1791171229216
suman.rawat35@ei.aeskills.in,1791178130071,1791178124734
suman.rawat37@ei.aeskills.in,1791170496818,1791170483823
suman.rawat57@ei.aeskills.in,1791203252922,1791203248679
suman.singh11@ei.aeskills.in,1791200095898,1791200088730
suman03501134@ei.aeskills.in,1791176136038,1791176131830
suman03501135@ei.aeskills.in,1791176859861,1791176853800
suman07001151@ei.aeskills.in,1791206686185,1791206644963
sumit.choudhary1@ei.aeskills.in,1791177409148,1791177206349
sumit.kahar2@ei.aeskills.in,1791182812907,1791182782704
sumit.kumar369@ei.aeskills.in,1791191764815,1791191726505
sumit.meena3@ei.aeskills.in,1791218757583,1791218706273
sumita.rawat@ei.aeskills.in,1791173244273,1791173241893
sumitra.k22@ei.aeskills.in,1791205034373,1791205001000
sunil.k96@ei.aeskills.in,1791202462036,1791202424000
sunil03501217@ei.aeskills.in,1791201917597,1791201912180
sunil0930462@ei.aeskills.in,1791190352466,1791190348284
sunita.bagri@ei.aeskills.in,1791212812797,1791212762820
sunita.gurjar8@ei.aeskills.in,1791184498560,1791184433651
sunita.k100@ei.aeskills.in,1791194636327,1791194589498
sunita.k106@ei.aeskills.in,1791179102655,1791179014000
sunita.kumari122@ei.aeskills.in,1791173071229,1791173030601
sunnam.samathasri@ei.aeskills.in,1791187436079,1791187285514
sunny.k26@ei.aeskills.in,1791214010374,1791214008474
sunny.t@ei.aeskills.in,1791181980954,1791181915359
supriya.chakali@ei.aeskills.in,1791189433550,1791187060000
supriya.komaram@ei.aeskills.in,1791202549580,1791202322000
suraj.k152@ei.aeskills.in,1791178688246,1791178682621
suraj.k51@ei.aeskills.in,1791179224288,1791179181405
suraj.meghwal6@ei.aeskills.in,1791179727927,1791179652932
suraj.sabar@ei.aeskills.in,1791192053564,1791191713000
suraj0930463@ei.aeskills.in,1791190539242,1791190534519
surendra.gurjar13@ei.aeskills.in,1791175390150,1791175390000
surendra.kumar16@ei.aeskills.in,1791179492803,1791177743599
suresh.amritlal@ei.aeskills.in,1791169139015,1791169037531
suresh.bairva@ei.aeskills.in,1791173721953,1791173719583
suresh.k17@ei.aeskills.in,1791206297651,1791206262000
suresh.madakam@ei.aeskills.in,1791180737314,1791180735455
suresh.sode@ei.aeskills.in,1791186215885,1791186212549
surimalla.karthikeya@ei.aeskills.in,1791187786811,1791187787897
sushanth.dharavath@ei.aeskills.in,1791180487085,1791180354197
sushma.s2@ei.aeskills.in,1791178761744,1791178707220
sushmitha.gugalavath@ei.aeskills.in,1791192678426,1791192615628
svinaiya.k@ei.aeskills.in,1791178800218,1791178746271
swapna.bhukaya@ei.aeskills.in,1791187108692,1791187005000
swathi.guguloth1@ei.aeskills.in,1791183268021,1791183178381
swathi.jadhav8@ei.aeskills.in,1791194155103,1791194118000
swathi.k25@ei.aeskills.in,1791180923063,1791180823076
swathi.rathod11@ei.aeskills.in,1791198390655,1791198317485
swathi.rathod9@ei.aeskills.in,1791197589770,1791197462702
swathisri.madeti@ei.aeskills.in,1791187631987,1791186503504
tabassum0880127@ei.aeskills.in,1791184959203,1791184864446
tamanna.k117@ei.aeskills.in,1791175586741,1791175545109
tamanna.kumari104@ei.aeskills.in,1791204998632,1791204946847
tamanna.merotha@ei.aeskills.in,1791188312969,1791188299021
tamanna.saini2@ei.aeskills.in,1791174789126,1791174568687
tamanna34@ei.aeskills.in,1791200924479,1791200876189
tamnna.khushwah1@ei.aeskills.in,1791175356392,1791175316775
tamnna.prajapat1@ei.aeskills.in,1791183211619,1791183203956
tanish.choudhary1@ei.aeskills.in,1791174842347,1791174753469
tanisha.rawat7@ei.aeskills.in,1791176692681,1791176625112
tanisha.regar1@ei.aeskills.in,1791179810829,1791179725929
tanishka.nagina@ei.aeskills.in,1791202363818,1791202356955
tannu.k30@ei.aeskills.in,1791210390168,1791210351934
tannu0350142@ei.aeskills.in,1791183471518,1791183440869
tanu.k32@ei.aeskills.in,1791178196427,1791178125000
tanu.kumari79@ei.aeskills.in,1791201358200,1791201304344
tanu.regar2@ei.aeskills.in,1791186905402,1791186848928
tanu.saini3@ei.aeskills.in,1791185992965,1791185875774
tanu.sharma2@ei.aeskills.in,1791185910615,1791185892540
tanusha.kahar@ei.aeskills.in,1791184344125,1791184316288
tanushka.saini@ei.aeskills.in,1791186450003,1791186203000
tanya.saini1@ei.aeskills.in,1791187307499,1791187175691
tara.kumari10@ei.aeskills.in,1791209816475,1791209734963
tara.kumari13@ei.aeskills.in,1791166642107,1791166537286
teena.bai6@ei.aeskills.in,1791191618502,1791191572609
teena.k30@ei.aeskills.in,1791209948676,1791209915174
teena.k31@ei.aeskills.in,1791182315745,1791182289183
teena.k38@ei.aeskills.in,1791176045040,1791175859000
teena.k44@ei.aeskills.in,1791209577071,1791209535000
teena.k45@ei.aeskills.in,1791209713243,1791209664000
teena.meghwanshi@ei.aeskills.in,1791183472419,1791183463907
teena.rawat14@ei.aeskills.in,1791171963925,1791171915003
teena.rawat15@ei.aeskills.in,1791203662658,1791203656291
teena03501283@ei.aeskills.in,1791199538330,1791199531281
teja.pendyala@ei.aeskills.in,1791203057155,1791203041000
teja.punem@ei.aeskills.in,1791181977714,1791181847513
tejashwini.jeedipally@ei.aeskills.in,1791194967864,1791194897000
tejashwini.thiruvaipeta@ei.aeskills.in,1791186208016,1791186125000
tejasvith.nupa@ei.aeskills.in,1791187327921,1791187242898
tejaswi.bandari@ei.aeskills.in,1791198080174,1791198018790
tejaswini.oddeti@ei.aeskills.in,1791181649005,1791181393028
tejavath.abitha@ei.aeskills.in,1791182415780,1791182365626
tejavath.aishu@ei.aeskills.in,1791194653687,1791194103553
tejavath.haritha1@ei.aeskills.in,1791200537039,1791200492000
tejavath.laxmi1@ei.aeskills.in,1791197411443,1791197378753
tejavath.laxmi@ei.aeskills.in,1791196095437,1791196047284
tejavath.shashirekha@ei.aeskills.in,1791193951927,1791193891000
thabitha.komaram@ei.aeskills.in,1791187466296,1791187463096
thagaru.srija@ei.aeskills.in,1791180160663,1791180092606
thakur.manish@ei.aeskills.in,1791175918404,1791175919419
thanmai.b@ei.aeskills.in,1791182916277,1791182713460
thanusree.vundikoti@ei.aeskills.in,1791209159527,1791209150817
thanusri.erlapally@ei.aeskills.in,1791178352981,1791178289000
thati.asmitha@ei.aeskills.in,1791204801526,1791204673000
thati.mahalaxmi1@ei.aeskills.in,1791192345657,1791191957379
thati.saisree@ei.aeskills.in,1791199117880,1791199085277
thodasam.maheshwari@ei.aeskills.in,1791212640259,1791212610340
thodasam.mamatha@ei.aeskills.in,1791212265162,1791212247208
thudum1@ei.aeskills.in,1791177696200,1791177623000
thudum3@ei.aeskills.in,1791180102092,1791179913000
thudumu.lasweeka@ei.aeskills.in,1791185689752,1791185690801
tinku.bairwa1@ei.aeskills.in,1791191808447,1791191747605
tofik0880128@ei.aeskills.in,1791185192709,1791185111274
tohid.k6@ei.aeskills.in,1791210092294,1791210088262
trisha.k17@ei.aeskills.in,1791174064183,1791173999936
tulshi.kumari2@ei.aeskills.in,1791214236883,1791214134875
tunguri.akshar@ei.aeskills.in,1791188242918,1791188243000
tushar.gurjar3@ei.aeskills.in,1791173449196,1791173422882
udayasri.samarthi@ei.aeskills.in,1791185839423,1791185790000
uike.vyshnavi@ei.aeskills.in,1791201277566,1791201228000
ujwala.chepyala@ei.aeskills.in,1791186020899,1791185958000
uke.nagapramila@ei.aeskills.in,1791189197447,1791189080354
uke.nandini@ei.aeskills.in,1791192529890,1791192423480
ukesh.sodi@ei.aeskills.in,1791195478118,1791195474835
umashankar0630182@ei.aeskills.in,1791196290792,1791196235000
umesh.choudhary550@ei.aeskills.in,1791180736719,1791180701587
umesh.kumar66@ei.aeskills.in,1791178650469,1791178636480
uppuluti.ranaveer1@ei.aeskills.in,1791203501108,1791203502718
urmila.k30@ei.aeskills.in,1791180090611,1791180085852
useb.khan@ei.aeskills.in,1791190398292,1791190359489
usharani.mood@ei.aeskills.in,1791189092309,1791188930678
ushasri.konda@ei.aeskills.in,1791195033450,1791194328000
uttam.sen@ei.aeskills.in,1791222950586,1791222921255
v.kumar8@ei.aeskills.in,1791195879112,1791195281000
vaddepalli.abhignasri@ei.aeskills.in,1791194145825,1791194146919
vade.prashanthika@ei.aeskills.in,1791190132027,1791190007902
vadhika.kumari@ei.aeskills.in,1791175386096,1791175351696
vadluri.ananya@ei.aeskills.in,1791190286957,1791190288050
vagdevi.d@ei.aeskills.in,1791177047938,1791176992524
vaishali.badavath@ei.aeskills.in,1791192801979,1791192728000
vaishali.jadhav1@ei.aeskills.in,1791192838645,1791192812000
vaishnavi.bhukya1@ei.aeskills.in,1791188441076,1791188373000
vaishnavi.chavan3@ei.aeskills.in,1791200487063,1791200390000
vaishnavi.jadhav15@ei.aeskills.in,1791193702946,1791193697215
vaishnavi.kalthi@ei.aeskills.in,1791217048635,1791217025449
vaishnavi.kamati@ei.aeskills.in,1791183238015,1791183163000
vaishnavi.korvetha@ei.aeskills.in,1791182741571,1791182742296
vaishnavi.lolam@ei.aeskills.in,1791191683101,1791191511000
vaishnavi.p18@ei.aeskills.in,1791189866265,1791188848391
vaishnavi.pawar7@ei.aeskills.in,1791199006986,1791198813670
vaishnavi.s17@ei.aeskills.in,1791188468737,1791188348000
vaishnavi.vankudothu@ei.aeskills.in,1791181966624,1791181767441
vamshi.madakam@ei.aeskills.in,1791200001421,1791199999716
vamshi.madavi1@ei.aeskills.in,1791196081855,1791196078165
vamshikumar.thurram@ei.aeskills.in,1791187747889,1791187691171
vandana.bairwa3@ei.aeskills.in,1791190848366,1791190794704
vandana.k25@ei.aeskills.in,1791178186213,1791178183562
vandana.k53@ei.aeskills.in,1791208132929,1791208064000
vandana.k54@ei.aeskills.in,1791176735232,1791176671414
vandana.k55@ei.aeskills.in,1791174967324,1791174913103
vanee0930434@ei.aeskills.in,1791183981806,1791183976962
vankade.prathiksha@ei.aeskills.in,1791191468684,1791191326000
vankdoth.anusha@ei.aeskills.in,1791182478107,1791182454517
vankdoth.nikhitha@ei.aeskills.in,1791193881444,1791193795707
vankeshwarim.vijayalaxmi@ei.aeskills.in,1791193239732,1791193144230
vankudoth.bindu1@ei.aeskills.in,1791197041915,1791196891000
vankudoth.susmitha@ei.aeskills.in,1791196212987,1791196112000
vankudothu.sahasra@ei.aeskills.in,1791195320694,1791194995037
vansh.suman1@ei.aeskills.in,1791179632113,1791179238989
vanshika.gurjar12@ei.aeskills.in,1791191461087,1791191426532
vanshika.gurjar6@ei.aeskills.in,1791174691216,1791174687832
vanshika.gurjar7@ei.aeskills.in,1791185828644,1791185750200
vanshika.k81@ei.aeskills.in,1791210252578,1791210219993
vanshika.k98@ei.aeskills.in,1791179113351,1791179110430
vanshika.khuswa@ei.aeskills.in,1791182471600,1791182383813
varsa.akshara@ei.aeskills.in,1791203462203,1791203333000
varsa.ashwitha@ei.aeskills.in,1791202661934,1791202598000
varsha.bagri@ei.aeskills.in,1791217014980,1791216976438
varsha.choudhary5@ei.aeskills.in,1791179632223,1791179591223
varsha.kumari239@ei.aeskills.in,1791178239411,1791178196602
varsha.tankari@ei.aeskills.in,1791197837533,1791197779327
varsha.thumma1@ei.aeskills.in,1791202896135,1791202824624
varsha.varshababar@ei.aeskills.in,1791183934443,1791183931606
varshini.alam@ei.aeskills.in,1791213843864,1791213682822
varshini.karamtuthu@ei.aeskills.in,1791181946968,1791181854000
varshitha.varshitha11@ei.aeskills.in,1791179025334,1791178984751
varshitha.yara@ei.aeskills.in,,1791193922000
varshithavardhan.banoth@ei.aeskills.in,1791197673126,1791197523757
varun.sura@ei.aeskills.in,1791190849549,1791190286000
varunsandesh.yenika@ei.aeskills.in,1791186421431,1791186226016
varunteja.kanithi@ei.aeskills.in,1791176841788,1791176781988
varunteja.podiyam@ei.aeskills.in,1791177104427,1791177045426
varunya.jallela@ei.aeskills.in,1791180530368,1791180444620
vasam.lasya1@ei.aeskills.in,1791193648953,1791193515419
vasam.navyasri@ei.aeskills.in,1791194007009,1791193913293
vasudevi.athram@ei.aeskills.in,1791192134403,1791192093000
vasundhara.k14@ei.aeskills.in,1791210832307,1791210782000
vatam.anusha@ei.aeskills.in,1791182044055,1791182045286
vattam.sri1@ei.aeskills.in,1791192523195,1791192446516
vebhav.kumar@ei.aeskills.in,1791193985307,1791193904000
vedma.barjabai@ei.aeskills.in,1791211913796,1791211882711
veebhuthi.laxmi@ei.aeskills.in,1791195554650,1791195511000
veer.gujjar@ei.aeskills.in,1791174084780,1791174026334
velpula.vyshnavi@ei.aeskills.in,1791203755518,1791203676000
venkanolla.ambika@ei.aeskills.in,1791195129196,1791195129901
venkateswarlu.battu@ei.aeskills.in,1791184586394,1791184548017
vennela.vankudothu@ei.aeskills.in,1791182549856,1791182460081
versha.k4@ei.aeskills.in,1791208481956,1791208441000
vicky07001154@ei.aeskills.in,1791206876890,1791206795449
vignesh.allam@ei.aeskills.in,,1791172998991
vihan09901159@ei.aeskills.in,1791185076260,1791185046054
vijay.lodha2@ei.aeskills.in,1791193807230,1791193690275
vijay.vijaybagriya@ei.aeskills.in,1791208844055,1791208839959
vijay0930435@ei.aeskills.in,1791184166752,1791184163709
vijaykumar.sonde@ei.aeskills.in,1791183573646,1791183487170
vijendra.gurjar@ei.aeskills.in,1791196043537,1791195767255
vijesh.k3@ei.aeskills.in,1791210093333,1791210044009
vikas.vikasnath@ei.aeskills.in,1791209608157,1791209570580
vikas533@ei.aeskills.in,1791210617468,1791210579128
vikram.g1@ei.aeskills.in,,1791179598171
vikram.gurjar2@ei.aeskills.in,1791205822512,1791205817869
vikram.irpa@ei.aeskills.in,1791180882318,1791180842808
vikram.rawat16@ei.aeskills.in,1791201270618,1791201266669
vikram.vikram11@ei.aeskills.in,1791183084284,1791183036379
vikram54@ei.aeskills.in,1791210792365,1791210759773
vinod.gurjar1@ei.aeskills.in,1791169315664,1791169312717
vinod.gurjar5@ei.aeskills.in,1791202489976,1791202486179
vinod.meena9@ei.aeskills.in,1791188733456,1791188697371
vinod.rawat5@ei.aeskills.in,1791199932428,1791199929480
vinuthna.gadasu@ei.aeskills.in,1791198566345,1791198480000
virat0930464@ei.aeskills.in,1791190699919,1791190695718
vishakha.bairwa@ei.aeskills.in,1791186603476,1791186336000
vishal.bheel12@ei.aeskills.in,1791203547935,1791203503363
vishal.k171@ei.aeskills.in,1791209046097,1791209046000
vishal.k182@ei.aeskills.in,1791205291093,1791205226000
vishal.k35@ei.aeskills.in,1791200803431,1791200748294
vishal.kumar190@ei.aeskills.in,1791201898756,1791201847454
vishal.meena28@ei.aeskills.in,1791183099936,1791183087158
vishal.meena4@ei.aeskills.in,1791219782453,1791219728485
vishal.vishal26@ei.aeskills.in,1791169939932,1791169937779
vishal03501136@ei.aeskills.in,1791177197515,1791177191312
vishal955@ei.aeskills.in,1791192762399,1791186877642
vishnu.gurjar28@ei.aeskills.in,1791184813900,1791184740934
vishnu.k58@ei.aeskills.in,1791196465463,1791196223242
vishnu.kalam@ei.aeskills.in,1791178481356,1791178421303
vishnu0930465@ei.aeskills.in,1791191698060,1791191693313
visni.k@ei.aeskills.in,1791206899899,1791206846000
vivek.v1@ei.aeskills.in,1791182674221,1791182638568
vivek35@ei.aeskills.in,1791201061468,1791201024301
yagnasri.jakkula@ei.aeskills.in,1791195679685,1791195460000
yakoti@ei.aeskills.in,1791180264023,1791180188000
yasam.deekshitha@ei.aeskills.in,1791193557226,1791193443000
yashashwini.musthyala@ei.aeskills.in,1791196536014,1791196435000
yashasri.rathod@ei.aeskills.in,1791200676646,1791200670824
yashoda.k10@ei.aeskills.in,1791180592193,1791180592000
yashraj.gurjar@ei.aeskills.in,1791175521303,1791175210787
yashvanth.ubba@ei.aeskills.in,1791190880113,1791190829938
yashvitha.danolla@ei.aeskills.in,1791186161950,1791186091000
yaswanthsai.kalliri@ei.aeskills.in,1791187889787,1791187816124
yerra.akhil@ei.aeskills.in,1791193426380,1791193427000
yetti.samantha@ei.aeskills.in,1791177157732,1791177049853
yogesh.singh7@ei.aeskills.in,1791178645851,1791178643848
yogesh0350143@ei.aeskills.in,1791183983792,1791183749667
yogeshwar.p1@ei.aeskills.in,1791182892812,1791182874923
yogita.k29@ei.aeskills.in,1791172322437,1791172279080
yogita.k30@ei.aeskills.in,1791175277723,1791175219357
yogita.k33@ei.aeskills.in,1791208390829,1791208387843
yuvraj.k53@ei.aeskills.in,1791187763109,1791187720436
yuvrajr.kahar@ei.aeskills.in,1791183578497,1791183549960
